// Code generated by go run maketables.go. DO NOT EDIT.

package unicode

// Version is the Unicode edition the tables are derived from.
const Version = "17.0.0"

// Tables pack runes as 3 big-endian bytes. Range tables hold inclusive
// [lo, hi] pairs.
const letterTable = "" +
	"\x00\x00\x41\x00\x00\x5a\x00\x00\x61\x00\x00\x7a\x00\x00\xaa\x00\x00\xaa\x00\x00\xb5\x00\x00\xb5\x00\x00\xba\x00\x00\xba\x00\x00\xc0\x00\x00\xd6\x00\x00\xd8\x00\x00\xf6\x00\x00\xf8\x00\x02\xc1" +
	"\x00\x02\xc6\x00\x02\xd1\x00\x02\xe0\x00\x02\xe4\x00\x02\xec\x00\x02\xec\x00\x02\xee\x00\x02\xee\x00\x03\x70\x00\x03\x74\x00\x03\x76\x00\x03\x77\x00\x03\x7a\x00\x03\x7d\x00\x03\x7f\x00\x03\x7f" +
	"\x00\x03\x86\x00\x03\x86\x00\x03\x88\x00\x03\x8a\x00\x03\x8c\x00\x03\x8c\x00\x03\x8e\x00\x03\xa1\x00\x03\xa3\x00\x03\xf5\x00\x03\xf7\x00\x04\x81\x00\x04\x8a\x00\x05\x2f\x00\x05\x31\x00\x05\x56" +
	"\x00\x05\x59\x00\x05\x59\x00\x05\x60\x00\x05\x88\x00\x05\xd0\x00\x05\xea\x00\x05\xef\x00\x05\xf2\x00\x06\x20\x00\x06\x4a\x00\x06\x6e\x00\x06\x6f\x00\x06\x71\x00\x06\xd3\x00\x06\xd5\x00\x06\xd5" +
	"\x00\x06\xe5\x00\x06\xe6\x00\x06\xee\x00\x06\xef\x00\x06\xfa\x00\x06\xfc\x00\x06\xff\x00\x06\xff\x00\x07\x10\x00\x07\x10\x00\x07\x12\x00\x07\x2f\x00\x07\x4d\x00\x07\xa5\x00\x07\xb1\x00\x07\xb1" +
	"\x00\x07\xca\x00\x07\xea\x00\x07\xf4\x00\x07\xf5\x00\x07\xfa\x00\x07\xfa\x00\x08\x00\x00\x08\x15\x00\x08\x1a\x00\x08\x1a\x00\x08\x24\x00\x08\x24\x00\x08\x28\x00\x08\x28\x00\x08\x40\x00\x08\x58" +
	"\x00\x08\x60\x00\x08\x6a\x00\x08\x70\x00\x08\x87\x00\x08\x89\x00\x08\x8f\x00\x08\xa0\x00\x08\xc9\x00\x09\x04\x00\x09\x39\x00\x09\x3d\x00\x09\x3d\x00\x09\x50\x00\x09\x50\x00\x09\x58\x00\x09\x61" +
	"\x00\x09\x71\x00\x09\x80\x00\x09\x85\x00\x09\x8c\x00\x09\x8f\x00\x09\x90\x00\x09\x93\x00\x09\xa8\x00\x09\xaa\x00\x09\xb0\x00\x09\xb2\x00\x09\xb2\x00\x09\xb6\x00\x09\xb9\x00\x09\xbd\x00\x09\xbd" +
	"\x00\x09\xce\x00\x09\xce\x00\x09\xdc\x00\x09\xdd\x00\x09\xdf\x00\x09\xe1\x00\x09\xf0\x00\x09\xf1\x00\x09\xfc\x00\x09\xfc\x00\x0a\x05\x00\x0a\x0a\x00\x0a\x0f\x00\x0a\x10\x00\x0a\x13\x00\x0a\x28" +
	"\x00\x0a\x2a\x00\x0a\x30\x00\x0a\x32\x00\x0a\x33\x00\x0a\x35\x00\x0a\x36\x00\x0a\x38\x00\x0a\x39\x00\x0a\x59\x00\x0a\x5c\x00\x0a\x5e\x00\x0a\x5e\x00\x0a\x72\x00\x0a\x74\x00\x0a\x85\x00\x0a\x8d" +
	"\x00\x0a\x8f\x00\x0a\x91\x00\x0a\x93\x00\x0a\xa8\x00\x0a\xaa\x00\x0a\xb0\x00\x0a\xb2\x00\x0a\xb3\x00\x0a\xb5\x00\x0a\xb9\x00\x0a\xbd\x00\x0a\xbd\x00\x0a\xd0\x00\x0a\xd0\x00\x0a\xe0\x00\x0a\xe1" +
	"\x00\x0a\xf9\x00\x0a\xf9\x00\x0b\x05\x00\x0b\x0c\x00\x0b\x0f\x00\x0b\x10\x00\x0b\x13\x00\x0b\x28\x00\x0b\x2a\x00\x0b\x30\x00\x0b\x32\x00\x0b\x33\x00\x0b\x35\x00\x0b\x39\x00\x0b\x3d\x00\x0b\x3d" +
	"\x00\x0b\x5c\x00\x0b\x5d\x00\x0b\x5f\x00\x0b\x61\x00\x0b\x71\x00\x0b\x71\x00\x0b\x83\x00\x0b\x83\x00\x0b\x85\x00\x0b\x8a\x00\x0b\x8e\x00\x0b\x90\x00\x0b\x92\x00\x0b\x95\x00\x0b\x99\x00\x0b\x9a" +
	"\x00\x0b\x9c\x00\x0b\x9c\x00\x0b\x9e\x00\x0b\x9f\x00\x0b\xa3\x00\x0b\xa4\x00\x0b\xa8\x00\x0b\xaa\x00\x0b\xae\x00\x0b\xb9\x00\x0b\xd0\x00\x0b\xd0\x00\x0c\x05\x00\x0c\x0c\x00\x0c\x0e\x00\x0c\x10" +
	"\x00\x0c\x12\x00\x0c\x28\x00\x0c\x2a\x00\x0c\x39\x00\x0c\x3d\x00\x0c\x3d\x00\x0c\x58\x00\x0c\x5a\x00\x0c\x5c\x00\x0c\x5d\x00\x0c\x60\x00\x0c\x61\x00\x0c\x80\x00\x0c\x80\x00\x0c\x85\x00\x0c\x8c" +
	"\x00\x0c\x8e\x00\x0c\x90\x00\x0c\x92\x00\x0c\xa8\x00\x0c\xaa\x00\x0c\xb3\x00\x0c\xb5\x00\x0c\xb9\x00\x0c\xbd\x00\x0c\xbd\x00\x0c\xdc\x00\x0c\xde\x00\x0c\xe0\x00\x0c\xe1\x00\x0c\xf1\x00\x0c\xf2" +
	"\x00\x0d\x04\x00\x0d\x0c\x00\x0d\x0e\x00\x0d\x10\x00\x0d\x12\x00\x0d\x3a\x00\x0d\x3d\x00\x0d\x3d\x00\x0d\x4e\x00\x0d\x4e\x00\x0d\x54\x00\x0d\x56\x00\x0d\x5f\x00\x0d\x61\x00\x0d\x7a\x00\x0d\x7f" +
	"\x00\x0d\x85\x00\x0d\x96\x00\x0d\x9a\x00\x0d\xb1\x00\x0d\xb3\x00\x0d\xbb\x00\x0d\xbd\x00\x0d\xbd\x00\x0d\xc0\x00\x0d\xc6\x00\x0e\x01\x00\x0e\x30\x00\x0e\x32\x00\x0e\x33\x00\x0e\x40\x00\x0e\x46" +
	"\x00\x0e\x81\x00\x0e\x82\x00\x0e\x84\x00\x0e\x84\x00\x0e\x86\x00\x0e\x8a\x00\x0e\x8c\x00\x0e\xa3\x00\x0e\xa5\x00\x0e\xa5\x00\x0e\xa7\x00\x0e\xb0\x00\x0e\xb2\x00\x0e\xb3\x00\x0e\xbd\x00\x0e\xbd" +
	"\x00\x0e\xc0\x00\x0e\xc4\x00\x0e\xc6\x00\x0e\xc6\x00\x0e\xdc\x00\x0e\xdf\x00\x0f\x00\x00\x0f\x00\x00\x0f\x40\x00\x0f\x47\x00\x0f\x49\x00\x0f\x6c\x00\x0f\x88\x00\x0f\x8c\x00\x10\x00\x00\x10\x2a" +
	"\x00\x10\x3f\x00\x10\x3f\x00\x10\x50\x00\x10\x55\x00\x10\x5a\x00\x10\x5d\x00\x10\x61\x00\x10\x61\x00\x10\x65\x00\x10\x66\x00\x10\x6e\x00\x10\x70\x00\x10\x75\x00\x10\x81\x00\x10\x8e\x00\x10\x8e" +
	"\x00\x10\xa0\x00\x10\xc5\x00\x10\xc7\x00\x10\xc7\x00\x10\xcd\x00\x10\xcd\x00\x10\xd0\x00\x10\xfa\x00\x10\xfc\x00\x12\x48\x00\x12\x4a\x00\x12\x4d\x00\x12\x50\x00\x12\x56\x00\x12\x58\x00\x12\x58" +
	"\x00\x12\x5a\x00\x12\x5d\x00\x12\x60\x00\x12\x88\x00\x12\x8a\x00\x12\x8d\x00\x12\x90\x00\x12\xb0\x00\x12\xb2\x00\x12\xb5\x00\x12\xb8\x00\x12\xbe\x00\x12\xc0\x00\x12\xc0\x00\x12\xc2\x00\x12\xc5" +
	"\x00\x12\xc8\x00\x12\xd6\x00\x12\xd8\x00\x13\x10\x00\x13\x12\x00\x13\x15\x00\x13\x18\x00\x13\x5a\x00\x13\x80\x00\x13\x8f\x00\x13\xa0\x00\x13\xf5\x00\x13\xf8\x00\x13\xfd\x00\x14\x01\x00\x16\x6c" +
	"\x00\x16\x6f\x00\x16\x7f\x00\x16\x81\x00\x16\x9a\x00\x16\xa0\x00\x16\xea\x00\x16\xf1\x00\x16\xf8\x00\x17\x00\x00\x17\x11\x00\x17\x1f\x00\x17\x31\x00\x17\x40\x00\x17\x51\x00\x17\x60\x00\x17\x6c" +
	"\x00\x17\x6e\x00\x17\x70\x00\x17\x80\x00\x17\xb3\x00\x17\xd7\x00\x17\xd7\x00\x17\xdc\x00\x17\xdc\x00\x18\x20\x00\x18\x78\x00\x18\x80\x00\x18\x84\x00\x18\x87\x00\x18\xa8\x00\x18\xaa\x00\x18\xaa" +
	"\x00\x18\xb0\x00\x18\xf5\x00\x19\x00\x00\x19\x1e\x00\x19\x50\x00\x19\x6d\x00\x19\x70\x00\x19\x74\x00\x19\x80\x00\x19\xab\x00\x19\xb0\x00\x19\xc9\x00\x1a\x00\x00\x1a\x16\x00\x1a\x20\x00\x1a\x54" +
	"\x00\x1a\xa7\x00\x1a\xa7\x00\x1b\x05\x00\x1b\x33\x00\x1b\x45\x00\x1b\x4c\x00\x1b\x83\x00\x1b\xa0\x00\x1b\xae\x00\x1b\xaf\x00\x1b\xba\x00\x1b\xe5\x00\x1c\x00\x00\x1c\x23\x00\x1c\x4d\x00\x1c\x4f" +
	"\x00\x1c\x5a\x00\x1c\x7d\x00\x1c\x80\x00\x1c\x8a\x00\x1c\x90\x00\x1c\xba\x00\x1c\xbd\x00\x1c\xbf\x00\x1c\xe9\x00\x1c\xec\x00\x1c\xee\x00\x1c\xf3\x00\x1c\xf5\x00\x1c\xf6\x00\x1c\xfa\x00\x1c\xfa" +
	"\x00\x1d\x00\x00\x1d\xbf\x00\x1e\x00\x00\x1f\x15\x00\x1f\x18\x00\x1f\x1d\x00\x1f\x20\x00\x1f\x45\x00\x1f\x48\x00\x1f\x4d\x00\x1f\x50\x00\x1f\x57\x00\x1f\x59\x00\x1f\x59\x00\x1f\x5b\x00\x1f\x5b" +
	"\x00\x1f\x5d\x00\x1f\x5d\x00\x1f\x5f\x00\x1f\x7d\x00\x1f\x80\x00\x1f\xb4\x00\x1f\xb6\x00\x1f\xbc\x00\x1f\xbe\x00\x1f\xbe\x00\x1f\xc2\x00\x1f\xc4\x00\x1f\xc6\x00\x1f\xcc\x00\x1f\xd0\x00\x1f\xd3" +
	"\x00\x1f\xd6\x00\x1f\xdb\x00\x1f\xe0\x00\x1f\xec\x00\x1f\xf2\x00\x1f\xf4\x00\x1f\xf6\x00\x1f\xfc\x00\x20\x71\x00\x20\x71\x00\x20\x7f\x00\x20\x7f\x00\x20\x90\x00\x20\x9c\x00\x21\x02\x00\x21\x02" +
	"\x00\x21\x07\x00\x21\x07\x00\x21\x0a\x00\x21\x13\x00\x21\x15\x00\x21\x15\x00\x21\x19\x00\x21\x1d\x00\x21\x24\x00\x21\x24\x00\x21\x26\x00\x21\x26\x00\x21\x28\x00\x21\x28\x00\x21\x2a\x00\x21\x2d" +
	"\x00\x21\x2f\x00\x21\x39\x00\x21\x3c\x00\x21\x3f\x00\x21\x45\x00\x21\x49\x00\x21\x4e\x00\x21\x4e\x00\x21\x83\x00\x21\x84\x00\x2c\x00\x00\x2c\xe4\x00\x2c\xeb\x00\x2c\xee\x00\x2c\xf2\x00\x2c\xf3" +
	"\x00\x2d\x00\x00\x2d\x25\x00\x2d\x27\x00\x2d\x27\x00\x2d\x2d\x00\x2d\x2d\x00\x2d\x30\x00\x2d\x67\x00\x2d\x6f\x00\x2d\x6f\x00\x2d\x80\x00\x2d\x96\x00\x2d\xa0\x00\x2d\xa6\x00\x2d\xa8\x00\x2d\xae" +
	"\x00\x2d\xb0\x00\x2d\xb6\x00\x2d\xb8\x00\x2d\xbe\x00\x2d\xc0\x00\x2d\xc6\x00\x2d\xc8\x00\x2d\xce\x00\x2d\xd0\x00\x2d\xd6\x00\x2d\xd8\x00\x2d\xde\x00\x2e\x2f\x00\x2e\x2f\x00\x30\x05\x00\x30\x06" +
	"\x00\x30\x31\x00\x30\x35\x00\x30\x3b\x00\x30\x3c\x00\x30\x41\x00\x30\x96\x00\x30\x9d\x00\x30\x9f\x00\x30\xa1\x00\x30\xfa\x00\x30\xfc\x00\x30\xff\x00\x31\x05\x00\x31\x2f\x00\x31\x31\x00\x31\x8e" +
	"\x00\x31\xa0\x00\x31\xbf\x00\x31\xf0\x00\x31\xff\x00\x34\x00\x00\x4d\xbf\x00\x4e\x00\x00\xa4\x8c\x00\xa4\xd0\x00\xa4\xfd\x00\xa5\x00\x00\xa6\x0c\x00\xa6\x10\x00\xa6\x1f\x00\xa6\x2a\x00\xa6\x2b" +
	"\x00\xa6\x40\x00\xa6\x6e\x00\xa6\x7f\x00\xa6\x9d\x00\xa6\xa0\x00\xa6\xe5\x00\xa7\x17\x00\xa7\x1f\x00\xa7\x22\x00\xa7\x88\x00\xa7\x8b\x00\xa7\xdc\x00\xa7\xf1\x00\xa8\x01\x00\xa8\x03\x00\xa8\x05" +
	"\x00\xa8\x07\x00\xa8\x0a\x00\xa8\x0c\x00\xa8\x22\x00\xa8\x40\x00\xa8\x73\x00\xa8\x82\x00\xa8\xb3\x00\xa8\xf2\x00\xa8\xf7\x00\xa8\xfb\x00\xa8\xfb\x00\xa8\xfd\x00\xa8\xfe\x00\xa9\x0a\x00\xa9\x25" +
	"\x00\xa9\x30\x00\xa9\x46\x00\xa9\x60\x00\xa9\x7c\x00\xa9\x84\x00\xa9\xb2\x00\xa9\xcf\x00\xa9\xcf\x00\xa9\xe0\x00\xa9\xe4\x00\xa9\xe6\x00\xa9\xef\x00\xa9\xfa\x00\xa9\xfe\x00\xaa\x00\x00\xaa\x28" +
	"\x00\xaa\x40\x00\xaa\x42\x00\xaa\x44\x00\xaa\x4b\x00\xaa\x60\x00\xaa\x76\x00\xaa\x7a\x00\xaa\x7a\x00\xaa\x7e\x00\xaa\xaf\x00\xaa\xb1\x00\xaa\xb1\x00\xaa\xb5\x00\xaa\xb6\x00\xaa\xb9\x00\xaa\xbd" +
	"\x00\xaa\xc0\x00\xaa\xc0\x00\xaa\xc2\x00\xaa\xc2\x00\xaa\xdb\x00\xaa\xdd\x00\xaa\xe0\x00\xaa\xea\x00\xaa\xf2\x00\xaa\xf4\x00\xab\x01\x00\xab\x06\x00\xab\x09\x00\xab\x0e\x00\xab\x11\x00\xab\x16" +
	"\x00\xab\x20\x00\xab\x26\x00\xab\x28\x00\xab\x2e\x00\xab\x30\x00\xab\x5a\x00\xab\x5c\x00\xab\x69\x00\xab\x70\x00\xab\xe2\x00\xac\x00\x00\xd7\xa3\x00\xd7\xb0\x00\xd7\xc6\x00\xd7\xcb\x00\xd7\xfb" +
	"\x00\xf9\x00\x00\xfa\x6d\x00\xfa\x70\x00\xfa\xd9\x00\xfb\x00\x00\xfb\x06\x00\xfb\x13\x00\xfb\x17\x00\xfb\x1d\x00\xfb\x1d\x00\xfb\x1f\x00\xfb\x28\x00\xfb\x2a\x00\xfb\x36\x00\xfb\x38\x00\xfb\x3c" +
	"\x00\xfb\x3e\x00\xfb\x3e\x00\xfb\x40\x00\xfb\x41\x00\xfb\x43\x00\xfb\x44\x00\xfb\x46\x00\xfb\xb1\x00\xfb\xd3\x00\xfd\x3d\x00\xfd\x50\x00\xfd\x8f\x00\xfd\x92\x00\xfd\xc7\x00\xfd\xf0\x00\xfd\xfb" +
	"\x00\xfe\x70\x00\xfe\x74\x00\xfe\x76\x00\xfe\xfc\x00\xff\x21\x00\xff\x3a\x00\xff\x41\x00\xff\x5a\x00\xff\x66\x00\xff\xbe\x00\xff\xc2\x00\xff\xc7\x00\xff\xca\x00\xff\xcf\x00\xff\xd2\x00\xff\xd7" +
	"\x00\xff\xda\x00\xff\xdc\x01\x00\x00\x01\x00\x0b\x01\x00\x0d\x01\x00\x26\x01\x00\x28\x01\x00\x3a\x01\x00\x3c\x01\x00\x3d\x01\x00\x3f\x01\x00\x4d\x01\x00\x50\x01\x00\x5d\x01\x00\x80\x01\x00\xfa" +
	"\x01\x02\x80\x01\x02\x9c\x01\x02\xa0\x01\x02\xd0\x01\x03\x00\x01\x03\x1f\x01\x03\x2d\x01\x03\x40\x01\x03\x42\x01\x03\x49\x01\x03\x50\x01\x03\x75\x01\x03\x80\x01\x03\x9d\x01\x03\xa0\x01\x03\xc3" +
	"\x01\x03\xc8\x01\x03\xcf\x01\x04\x00\x01\x04\x9d\x01\x04\xb0\x01\x04\xd3\x01\x04\xd8\x01\x04\xfb\x01\x05\x00\x01\x05\x27\x01\x05\x30\x01\x05\x63\x01\x05\x70\x01\x05\x7a\x01\x05\x7c\x01\x05\x8a" +
	"\x01\x05\x8c\x01\x05\x92\x01\x05\x94\x01\x05\x95\x01\x05\x97\x01\x05\xa1\x01\x05\xa3\x01\x05\xb1\x01\x05\xb3\x01\x05\xb9\x01\x05\xbb\x01\x05\xbc\x01\x05\xc0\x01\x05\xf3\x01\x06\x00\x01\x07\x36" +
	"\x01\x07\x40\x01\x07\x55\x01\x07\x60\x01\x07\x67\x01\x07\x80\x01\x07\x85\x01\x07\x87\x01\x07\xb0\x01\x07\xb2\x01\x07\xba\x01\x08\x00\x01\x08\x05\x01\x08\x08\x01\x08\x08\x01\x08\x0a\x01\x08\x35" +
	"\x01\x08\x37\x01\x08\x38\x01\x08\x3c\x01\x08\x3c\x01\x08\x3f\x01\x08\x55\x01\x08\x60\x01\x08\x76\x01\x08\x80\x01\x08\x9e\x01\x08\xe0\x01\x08\xf2\x01\x08\xf4\x01\x08\xf5\x01\x09\x00\x01\x09\x15" +
	"\x01\x09\x20\x01\x09\x39\x01\x09\x40\x01\x09\x59\x01\x09\x80\x01\x09\xb7\x01\x09\xbe\x01\x09\xbf\x01\x0a\x00\x01\x0a\x00\x01\x0a\x10\x01\x0a\x13\x01\x0a\x15\x01\x0a\x17\x01\x0a\x19\x01\x0a\x35" +
	"\x01\x0a\x60\x01\x0a\x7c\x01\x0a\x80\x01\x0a\x9c\x01\x0a\xc0\x01\x0a\xc7\x01\x0a\xc9\x01\x0a\xe4\x01\x0b\x00\x01\x0b\x35\x01\x0b\x40\x01\x0b\x55\x01\x0b\x60\x01\x0b\x72\x01\x0b\x80\x01\x0b\x91" +
	"\x01\x0c\x00\x01\x0c\x48\x01\x0c\x80\x01\x0c\xb2\x01\x0c\xc0\x01\x0c\xf2\x01\x0d\x00\x01\x0d\x23\x01\x0d\x4a\x01\x0d\x65\x01\x0d\x6f\x01\x0d\x85\x01\x0e\x80\x01\x0e\xa9\x01\x0e\xb0\x01\x0e\xb1" +
	"\x01\x0e\xc2\x01\x0e\xc7\x01\x0f\x00\x01\x0f\x1c\x01\x0f\x27\x01\x0f\x27\x01\x0f\x30\x01\x0f\x45\x01\x0f\x70\x01\x0f\x81\x01\x0f\xb0\x01\x0f\xc4\x01\x0f\xe0\x01\x0f\xf6\x01\x10\x03\x01\x10\x37" +
	"\x01\x10\x71\x01\x10\x72\x01\x10\x75\x01\x10\x75\x01\x10\x83\x01\x10\xaf\x01\x10\xd0\x01\x10\xe8\x01\x11\x03\x01\x11\x26\x01\x11\x44\x01\x11\x44\x01\x11\x47\x01\x11\x47\x01\x11\x50\x01\x11\x72" +
	"\x01\x11\x76\x01\x11\x76\x01\x11\x83\x01\x11\xb2\x01\x11\xc1\x01\x11\xc4\x01\x11\xda\x01\x11\xda\x01\x11\xdc\x01\x11\xdc\x01\x12\x00\x01\x12\x11\x01\x12\x13\x01\x12\x2b\x01\x12\x3f\x01\x12\x40" +
	"\x01\x12\x80\x01\x12\x86\x01\x12\x88\x01\x12\x88\x01\x12\x8a\x01\x12\x8d\x01\x12\x8f\x01\x12\x9d\x01\x12\x9f\x01\x12\xa8\x01\x12\xb0\x01\x12\xde\x01\x13\x05\x01\x13\x0c\x01\x13\x0f\x01\x13\x10" +
	"\x01\x13\x13\x01\x13\x28\x01\x13\x2a\x01\x13\x30\x01\x13\x32\x01\x13\x33\x01\x13\x35\x01\x13\x39\x01\x13\x3d\x01\x13\x3d\x01\x13\x50\x01\x13\x50\x01\x13\x5d\x01\x13\x61\x01\x13\x80\x01\x13\x89" +
	"\x01\x13\x8b\x01\x13\x8b\x01\x13\x8e\x01\x13\x8e\x01\x13\x90\x01\x13\xb5\x01\x13\xb7\x01\x13\xb7\x01\x13\xd1\x01\x13\xd1\x01\x13\xd3\x01\x13\xd3\x01\x14\x00\x01\x14\x34\x01\x14\x47\x01\x14\x4a" +
	"\x01\x14\x5f\x01\x14\x61\x01\x14\x80\x01\x14\xaf\x01\x14\xc4\x01\x14\xc5\x01\x14\xc7\x01\x14\xc7\x01\x15\x80\x01\x15\xae\x01\x15\xd8\x01\x15\xdb\x01\x16\x00\x01\x16\x2f\x01\x16\x44\x01\x16\x44" +
	"\x01\x16\x80\x01\x16\xaa\x01\x16\xb8\x01\x16\xb8\x01\x17\x00\x01\x17\x1a\x01\x17\x40\x01\x17\x46\x01\x18\x00\x01\x18\x2b\x01\x18\xa0\x01\x18\xdf\x01\x18\xff\x01\x19\x06\x01\x19\x09\x01\x19\x09" +
	"\x01\x19\x0c\x01\x19\x13\x01\x19\x15\x01\x19\x16\x01\x19\x18\x01\x19\x2f\x01\x19\x3f\x01\x19\x3f\x01\x19\x41\x01\x19\x41\x01\x19\xa0\x01\x19\xa7\x01\x19\xaa\x01\x19\xd0\x01\x19\xe1\x01\x19\xe1" +
	"\x01\x19\xe3\x01\x19\xe3\x01\x1a\x00\x01\x1a\x00\x01\x1a\x0b\x01\x1a\x32\x01\x1a\x3a\x01\x1a\x3a\x01\x1a\x50\x01\x1a\x50\x01\x1a\x5c\x01\x1a\x89\x01\x1a\x9d\x01\x1a\x9d\x01\x1a\xb0\x01\x1a\xf8" +
	"\x01\x1b\xc0\x01\x1b\xe0\x01\x1c\x00\x01\x1c\x08\x01\x1c\x0a\x01\x1c\x2e\x01\x1c\x40\x01\x1c\x40\x01\x1c\x72\x01\x1c\x8f\x01\x1d\x00\x01\x1d\x06\x01\x1d\x08\x01\x1d\x09\x01\x1d\x0b\x01\x1d\x30" +
	"\x01\x1d\x46\x01\x1d\x46\x01\x1d\x60\x01\x1d\x65\x01\x1d\x67\x01\x1d\x68\x01\x1d\x6a\x01\x1d\x89\x01\x1d\x98\x01\x1d\x98\x01\x1d\xb0\x01\x1d\xdb\x01\x1e\xe0\x01\x1e\xf2\x01\x1f\x02\x01\x1f\x02" +
	"\x01\x1f\x04\x01\x1f\x10\x01\x1f\x12\x01\x1f\x33\x01\x1f\xb0\x01\x1f\xb0\x01\x20\x00\x01\x23\x99\x01\x24\x80\x01\x25\x43\x01\x2f\x90\x01\x2f\xf0\x01\x30\x00\x01\x34\x2f\x01\x34\x41\x01\x34\x46" +
	"\x01\x34\x60\x01\x43\xfa\x01\x44\x00\x01\x46\x46\x01\x61\x00\x01\x61\x1d\x01\x68\x00\x01\x6a\x38\x01\x6a\x40\x01\x6a\x5e\x01\x6a\x70\x01\x6a\xbe\x01\x6a\xd0\x01\x6a\xed\x01\x6b\x00\x01\x6b\x2f" +
	"\x01\x6b\x40\x01\x6b\x43\x01\x6b\x63\x01\x6b\x77\x01\x6b\x7d\x01\x6b\x8f\x01\x6d\x40\x01\x6d\x6c\x01\x6e\x40\x01\x6e\x7f\x01\x6e\xa0\x01\x6e\xb8\x01\x6e\xbb\x01\x6e\xd3\x01\x6f\x00\x01\x6f\x4a" +
	"\x01\x6f\x50\x01\x6f\x50\x01\x6f\x93\x01\x6f\x9f\x01\x6f\xe0\x01\x6f\xe1\x01\x6f\xe3\x01\x6f\xe3\x01\x6f\xf2\x01\x6f\xf3\x01\x70\x00\x01\x8c\xd5\x01\x8c\xff\x01\x8d\x1e\x01\x8d\x80\x01\x8d\xf2" +
	"\x01\xaf\xf0\x01\xaf\xf3\x01\xaf\xf5\x01\xaf\xfb\x01\xaf\xfd\x01\xaf\xfe\x01\xb0\x00\x01\xb1\x22\x01\xb1\x32\x01\xb1\x32\x01\xb1\x50\x01\xb1\x52\x01\xb1\x55\x01\xb1\x55\x01\xb1\x64\x01\xb1\x67" +
	"\x01\xb1\x70\x01\xb2\xfb\x01\xbc\x00\x01\xbc\x6a\x01\xbc\x70\x01\xbc\x7c\x01\xbc\x80\x01\xbc\x88\x01\xbc\x90\x01\xbc\x99\x01\xd4\x00\x01\xd4\x54\x01\xd4\x56\x01\xd4\x9c\x01\xd4\x9e\x01\xd4\x9f" +
	"\x01\xd4\xa2\x01\xd4\xa2\x01\xd4\xa5\x01\xd4\xa6\x01\xd4\xa9\x01\xd4\xac\x01\xd4\xae\x01\xd4\xb9\x01\xd4\xbb\x01\xd4\xbb\x01\xd4\xbd\x01\xd4\xc3\x01\xd4\xc5\x01\xd5\x05\x01\xd5\x07\x01\xd5\x0a" +
	"\x01\xd5\x0d\x01\xd5\x14\x01\xd5\x16\x01\xd5\x1c\x01\xd5\x1e\x01\xd5\x39\x01\xd5\x3b\x01\xd5\x3e\x01\xd5\x40\x01\xd5\x44\x01\xd5\x46\x01\xd5\x46\x01\xd5\x4a\x01\xd5\x50\x01\xd5\x52\x01\xd6\xa5" +
	"\x01\xd6\xa8\x01\xd6\xc0\x01\xd6\xc2\x01\xd6\xda\x01\xd6\xdc\x01\xd6\xfa\x01\xd6\xfc\x01\xd7\x14\x01\xd7\x16\x01\xd7\x34\x01\xd7\x36\x01\xd7\x4e\x01\xd7\x50\x01\xd7\x6e\x01\xd7\x70\x01\xd7\x88" +
	"\x01\xd7\x8a\x01\xd7\xa8\x01\xd7\xaa\x01\xd7\xc2\x01\xd7\xc4\x01\xd7\xcb\x01\xdf\x00\x01\xdf\x1e\x01\xdf\x25\x01\xdf\x2a\x01\xe0\x30\x01\xe0\x6d\x01\xe1\x00\x01\xe1\x2c\x01\xe1\x37\x01\xe1\x3d" +
	"\x01\xe1\x4e\x01\xe1\x4e\x01\xe2\x90\x01\xe2\xad\x01\xe2\xc0\x01\xe2\xeb\x01\xe4\xd0\x01\xe4\xeb\x01\xe5\xd0\x01\xe5\xed\x01\xe5\xf0\x01\xe5\xf0\x01\xe6\xc0\x01\xe6\xde\x01\xe6\xe0\x01\xe6\xe2" +
	"\x01\xe6\xe4\x01\xe6\xe5\x01\xe6\xe7\x01\xe6\xed\x01\xe6\xf0\x01\xe6\xf4\x01\xe6\xfe\x01\xe6\xff\x01\xe7\xe0\x01\xe7\xe6\x01\xe7\xe8\x01\xe7\xeb\x01\xe7\xed\x01\xe7\xee\x01\xe7\xf0\x01\xe7\xfe" +
	"\x01\xe8\x00\x01\xe8\xc4\x01\xe9\x00\x01\xe9\x43\x01\xe9\x4b\x01\xe9\x4b\x01\xee\x00\x01\xee\x03\x01\xee\x05\x01\xee\x1f\x01\xee\x21\x01\xee\x22\x01\xee\x24\x01\xee\x24\x01\xee\x27\x01\xee\x27" +
	"\x01\xee\x29\x01\xee\x32\x01\xee\x34\x01\xee\x37\x01\xee\x39\x01\xee\x39\x01\xee\x3b\x01\xee\x3b\x01\xee\x42\x01\xee\x42\x01\xee\x47\x01\xee\x47\x01\xee\x49\x01\xee\x49\x01\xee\x4b\x01\xee\x4b" +
	"\x01\xee\x4d\x01\xee\x4f\x01\xee\x51\x01\xee\x52\x01\xee\x54\x01\xee\x54\x01\xee\x57\x01\xee\x57\x01\xee\x59\x01\xee\x59\x01\xee\x5b\x01\xee\x5b\x01\xee\x5d\x01\xee\x5d\x01\xee\x5f\x01\xee\x5f" +
	"\x01\xee\x61\x01\xee\x62\x01\xee\x64\x01\xee\x64\x01\xee\x67\x01\xee\x6a\x01\xee\x6c\x01\xee\x72\x01\xee\x74\x01\xee\x77\x01\xee\x79\x01\xee\x7c\x01\xee\x7e\x01\xee\x7e\x01\xee\x80\x01\xee\x89" +
	"\x01\xee\x8b\x01\xee\x9b\x01\xee\xa1\x01\xee\xa3\x01\xee\xa5\x01\xee\xa9\x01\xee\xab\x01\xee\xbb\x02\x00\x00\x02\xa6\xdf\x02\xa7\x00\x02\xb8\x1d\x02\xb8\x20\x02\xce\xad\x02\xce\xb0\x02\xeb\xe0" +
	"\x02\xeb\xf0\x02\xee\x5d\x02\xf8\x00\x02\xfa\x1d\x03\x00\x00\x03\x13\x4a\x03\x13\x50\x03\x34\x79" +
	""

const upperTable = "" +
	"\x00\x00\x41\x00\x00\x5a\x00\x00\xc0\x00\x00\xd6\x00\x00\xd8\x00\x00\xde\x00\x01\x00\x00\x01\x00\x00\x01\x02\x00\x01\x02\x00\x01\x04\x00\x01\x04\x00\x01\x06\x00\x01\x06\x00\x01\x08\x00\x01\x08" +
	"\x00\x01\x0a\x00\x01\x0a\x00\x01\x0c\x00\x01\x0c\x00\x01\x0e\x00\x01\x0e\x00\x01\x10\x00\x01\x10\x00\x01\x12\x00\x01\x12\x00\x01\x14\x00\x01\x14\x00\x01\x16\x00\x01\x16\x00\x01\x18\x00\x01\x18" +
	"\x00\x01\x1a\x00\x01\x1a\x00\x01\x1c\x00\x01\x1c\x00\x01\x1e\x00\x01\x1e\x00\x01\x20\x00\x01\x20\x00\x01\x22\x00\x01\x22\x00\x01\x24\x00\x01\x24\x00\x01\x26\x00\x01\x26\x00\x01\x28\x00\x01\x28" +
	"\x00\x01\x2a\x00\x01\x2a\x00\x01\x2c\x00\x01\x2c\x00\x01\x2e\x00\x01\x2e\x00\x01\x30\x00\x01\x30\x00\x01\x32\x00\x01\x32\x00\x01\x34\x00\x01\x34\x00\x01\x36\x00\x01\x36\x00\x01\x39\x00\x01\x39" +
	"\x00\x01\x3b\x00\x01\x3b\x00\x01\x3d\x00\x01\x3d\x00\x01\x3f\x00\x01\x3f\x00\x01\x41\x00\x01\x41\x00\x01\x43\x00\x01\x43\x00\x01\x45\x00\x01\x45\x00\x01\x47\x00\x01\x47\x00\x01\x4a\x00\x01\x4a" +
	"\x00\x01\x4c\x00\x01\x4c\x00\x01\x4e\x00\x01\x4e\x00\x01\x50\x00\x01\x50\x00\x01\x52\x00\x01\x52\x00\x01\x54\x00\x01\x54\x00\x01\x56\x00\x01\x56\x00\x01\x58\x00\x01\x58\x00\x01\x5a\x00\x01\x5a" +
	"\x00\x01\x5c\x00\x01\x5c\x00\x01\x5e\x00\x01\x5e\x00\x01\x60\x00\x01\x60\x00\x01\x62\x00\x01\x62\x00\x01\x64\x00\x01\x64\x00\x01\x66\x00\x01\x66\x00\x01\x68\x00\x01\x68\x00\x01\x6a\x00\x01\x6a" +
	"\x00\x01\x6c\x00\x01\x6c\x00\x01\x6e\x00\x01\x6e\x00\x01\x70\x00\x01\x70\x00\x01\x72\x00\x01\x72\x00\x01\x74\x00\x01\x74\x00\x01\x76\x00\x01\x76\x00\x01\x78\x00\x01\x79\x00\x01\x7b\x00\x01\x7b" +
	"\x00\x01\x7d\x00\x01\x7d\x00\x01\x81\x00\x01\x82\x00\x01\x84\x00\x01\x84\x00\x01\x86\x00\x01\x87\x00\x01\x89\x00\x01\x8b\x00\x01\x8e\x00\x01\x91\x00\x01\x93\x00\x01\x94\x00\x01\x96\x00\x01\x98" +
	"\x00\x01\x9c\x00\x01\x9d\x00\x01\x9f\x00\x01\xa0\x00\x01\xa2\x00\x01\xa2\x00\x01\xa4\x00\x01\xa4\x00\x01\xa6\x00\x01\xa7\x00\x01\xa9\x00\x01\xa9\x00\x01\xac\x00\x01\xac\x00\x01\xae\x00\x01\xaf" +
	"\x00\x01\xb1\x00\x01\xb3\x00\x01\xb5\x00\x01\xb5\x00\x01\xb7\x00\x01\xb8\x00\x01\xbc\x00\x01\xbc\x00\x01\xc4\x00\x01\xc4\x00\x01\xc7\x00\x01\xc7\x00\x01\xca\x00\x01\xca\x00\x01\xcd\x00\x01\xcd" +
	"\x00\x01\xcf\x00\x01\xcf\x00\x01\xd1\x00\x01\xd1\x00\x01\xd3\x00\x01\xd3\x00\x01\xd5\x00\x01\xd5\x00\x01\xd7\x00\x01\xd7\x00\x01\xd9\x00\x01\xd9\x00\x01\xdb\x00\x01\xdb\x00\x01\xde\x00\x01\xde" +
	"\x00\x01\xe0\x00\x01\xe0\x00\x01\xe2\x00\x01\xe2\x00\x01\xe4\x00\x01\xe4\x00\x01\xe6\x00\x01\xe6\x00\x01\xe8\x00\x01\xe8\x00\x01\xea\x00\x01\xea\x00\x01\xec\x00\x01\xec\x00\x01\xee\x00\x01\xee" +
	"\x00\x01\xf1\x00\x01\xf1\x00\x01\xf4\x00\x01\xf4\x00\x01\xf6\x00\x01\xf8\x00\x01\xfa\x00\x01\xfa\x00\x01\xfc\x00\x01\xfc\x00\x01\xfe\x00\x01\xfe\x00\x02\x00\x00\x02\x00\x00\x02\x02\x00\x02\x02" +
	"\x00\x02\x04\x00\x02\x04\x00\x02\x06\x00\x02\x06\x00\x02\x08\x00\x02\x08\x00\x02\x0a\x00\x02\x0a\x00\x02\x0c\x00\x02\x0c\x00\x02\x0e\x00\x02\x0e\x00\x02\x10\x00\x02\x10\x00\x02\x12\x00\x02\x12" +
	"\x00\x02\x14\x00\x02\x14\x00\x02\x16\x00\x02\x16\x00\x02\x18\x00\x02\x18\x00\x02\x1a\x00\x02\x1a\x00\x02\x1c\x00\x02\x1c\x00\x02\x1e\x00\x02\x1e\x00\x02\x20\x00\x02\x20\x00\x02\x22\x00\x02\x22" +
	"\x00\x02\x24\x00\x02\x24\x00\x02\x26\x00\x02\x26\x00\x02\x28\x00\x02\x28\x00\x02\x2a\x00\x02\x2a\x00\x02\x2c\x00\x02\x2c\x00\x02\x2e\x00\x02\x2e\x00\x02\x30\x00\x02\x30\x00\x02\x32\x00\x02\x32" +
	"\x00\x02\x3a\x00\x02\x3b\x00\x02\x3d\x00\x02\x3e\x00\x02\x41\x00\x02\x41\x00\x02\x43\x00\x02\x46\x00\x02\x48\x00\x02\x48\x00\x02\x4a\x00\x02\x4a\x00\x02\x4c\x00\x02\x4c\x00\x02\x4e\x00\x02\x4e" +
	"\x00\x03\x70\x00\x03\x70\x00\x03\x72\x00\x03\x72\x00\x03\x76\x00\x03\x76\x00\x03\x7f\x00\x03\x7f\x00\x03\x86\x00\x03\x86\x00\x03\x88\x00\x03\x8a\x00\x03\x8c\x00\x03\x8c\x00\x03\x8e\x00\x03\x8f" +
	"\x00\x03\x91\x00\x03\xa1\x00\x03\xa3\x00\x03\xab\x00\x03\xcf\x00\x03\xcf\x00\x03\xd2\x00\x03\xd4\x00\x03\xd8\x00\x03\xd8\x00\x03\xda\x00\x03\xda\x00\x03\xdc\x00\x03\xdc\x00\x03\xde\x00\x03\xde" +
	"\x00\x03\xe0\x00\x03\xe0\x00\x03\xe2\x00\x03\xe2\x00\x03\xe4\x00\x03\xe4\x00\x03\xe6\x00\x03\xe6\x00\x03\xe8\x00\x03\xe8\x00\x03\xea\x00\x03\xea\x00\x03\xec\x00\x03\xec\x00\x03\xee\x00\x03\xee" +
	"\x00\x03\xf4\x00\x03\xf4\x00\x03\xf7\x00\x03\xf7\x00\x03\xf9\x00\x03\xfa\x00\x03\xfd\x00\x04\x2f\x00\x04\x60\x00\x04\x60\x00\x04\x62\x00\x04\x62\x00\x04\x64\x00\x04\x64\x00\x04\x66\x00\x04\x66" +
	"\x00\x04\x68\x00\x04\x68\x00\x04\x6a\x00\x04\x6a\x00\x04\x6c\x00\x04\x6c\x00\x04\x6e\x00\x04\x6e\x00\x04\x70\x00\x04\x70\x00\x04\x72\x00\x04\x72\x00\x04\x74\x00\x04\x74\x00\x04\x76\x00\x04\x76" +
	"\x00\x04\x78\x00\x04\x78\x00\x04\x7a\x00\x04\x7a\x00\x04\x7c\x00\x04\x7c\x00\x04\x7e\x00\x04\x7e\x00\x04\x80\x00\x04\x80\x00\x04\x8a\x00\x04\x8a\x00\x04\x8c\x00\x04\x8c\x00\x04\x8e\x00\x04\x8e" +
	"\x00\x04\x90\x00\x04\x90\x00\x04\x92\x00\x04\x92\x00\x04\x94\x00\x04\x94\x00\x04\x96\x00\x04\x96\x00\x04\x98\x00\x04\x98\x00\x04\x9a\x00\x04\x9a\x00\x04\x9c\x00\x04\x9c\x00\x04\x9e\x00\x04\x9e" +
	"\x00\x04\xa0\x00\x04\xa0\x00\x04\xa2\x00\x04\xa2\x00\x04\xa4\x00\x04\xa4\x00\x04\xa6\x00\x04\xa6\x00\x04\xa8\x00\x04\xa8\x00\x04\xaa\x00\x04\xaa\x00\x04\xac\x00\x04\xac\x00\x04\xae\x00\x04\xae" +
	"\x00\x04\xb0\x00\x04\xb0\x00\x04\xb2\x00\x04\xb2\x00\x04\xb4\x00\x04\xb4\x00\x04\xb6\x00\x04\xb6\x00\x04\xb8\x00\x04\xb8\x00\x04\xba\x00\x04\xba\x00\x04\xbc\x00\x04\xbc\x00\x04\xbe\x00\x04\xbe" +
	"\x00\x04\xc0\x00\x04\xc1\x00\x04\xc3\x00\x04\xc3\x00\x04\xc5\x00\x04\xc5\x00\x04\xc7\x00\x04\xc7\x00\x04\xc9\x00\x04\xc9\x00\x04\xcb\x00\x04\xcb\x00\x04\xcd\x00\x04\xcd\x00\x04\xd0\x00\x04\xd0" +
	"\x00\x04\xd2\x00\x04\xd2\x00\x04\xd4\x00\x04\xd4\x00\x04\xd6\x00\x04\xd6\x00\x04\xd8\x00\x04\xd8\x00\x04\xda\x00\x04\xda\x00\x04\xdc\x00\x04\xdc\x00\x04\xde\x00\x04\xde\x00\x04\xe0\x00\x04\xe0" +
	"\x00\x04\xe2\x00\x04\xe2\x00\x04\xe4\x00\x04\xe4\x00\x04\xe6\x00\x04\xe6\x00\x04\xe8\x00\x04\xe8\x00\x04\xea\x00\x04\xea\x00\x04\xec\x00\x04\xec\x00\x04\xee\x00\x04\xee\x00\x04\xf0\x00\x04\xf0" +
	"\x00\x04\xf2\x00\x04\xf2\x00\x04\xf4\x00\x04\xf4\x00\x04\xf6\x00\x04\xf6\x00\x04\xf8\x00\x04\xf8\x00\x04\xfa\x00\x04\xfa\x00\x04\xfc\x00\x04\xfc\x00\x04\xfe\x00\x04\xfe\x00\x05\x00\x00\x05\x00" +
	"\x00\x05\x02\x00\x05\x02\x00\x05\x04\x00\x05\x04\x00\x05\x06\x00\x05\x06\x00\x05\x08\x00\x05\x08\x00\x05\x0a\x00\x05\x0a\x00\x05\x0c\x00\x05\x0c\x00\x05\x0e\x00\x05\x0e\x00\x05\x10\x00\x05\x10" +
	"\x00\x05\x12\x00\x05\x12\x00\x05\x14\x00\x05\x14\x00\x05\x16\x00\x05\x16\x00\x05\x18\x00\x05\x18\x00\x05\x1a\x00\x05\x1a\x00\x05\x1c\x00\x05\x1c\x00\x05\x1e\x00\x05\x1e\x00\x05\x20\x00\x05\x20" +
	"\x00\x05\x22\x00\x05\x22\x00\x05\x24\x00\x05\x24\x00\x05\x26\x00\x05\x26\x00\x05\x28\x00\x05\x28\x00\x05\x2a\x00\x05\x2a\x00\x05\x2c\x00\x05\x2c\x00\x05\x2e\x00\x05\x2e\x00\x05\x31\x00\x05\x56" +
	"\x00\x10\xa0\x00\x10\xc5\x00\x10\xc7\x00\x10\xc7\x00\x10\xcd\x00\x10\xcd\x00\x13\xa0\x00\x13\xf5\x00\x1c\x89\x00\x1c\x89\x00\x1c\x90\x00\x1c\xba\x00\x1c\xbd\x00\x1c\xbf\x00\x1e\x00\x00\x1e\x00" +
	"\x00\x1e\x02\x00\x1e\x02\x00\x1e\x04\x00\x1e\x04\x00\x1e\x06\x00\x1e\x06\x00\x1e\x08\x00\x1e\x08\x00\x1e\x0a\x00\x1e\x0a\x00\x1e\x0c\x00\x1e\x0c\x00\x1e\x0e\x00\x1e\x0e\x00\x1e\x10\x00\x1e\x10" +
	"\x00\x1e\x12\x00\x1e\x12\x00\x1e\x14\x00\x1e\x14\x00\x1e\x16\x00\x1e\x16\x00\x1e\x18\x00\x1e\x18\x00\x1e\x1a\x00\x1e\x1a\x00\x1e\x1c\x00\x1e\x1c\x00\x1e\x1e\x00\x1e\x1e\x00\x1e\x20\x00\x1e\x20" +
	"\x00\x1e\x22\x00\x1e\x22\x00\x1e\x24\x00\x1e\x24\x00\x1e\x26\x00\x1e\x26\x00\x1e\x28\x00\x1e\x28\x00\x1e\x2a\x00\x1e\x2a\x00\x1e\x2c\x00\x1e\x2c\x00\x1e\x2e\x00\x1e\x2e\x00\x1e\x30\x00\x1e\x30" +
	"\x00\x1e\x32\x00\x1e\x32\x00\x1e\x34\x00\x1e\x34\x00\x1e\x36\x00\x1e\x36\x00\x1e\x38\x00\x1e\x38\x00\x1e\x3a\x00\x1e\x3a\x00\x1e\x3c\x00\x1e\x3c\x00\x1e\x3e\x00\x1e\x3e\x00\x1e\x40\x00\x1e\x40" +
	"\x00\x1e\x42\x00\x1e\x42\x00\x1e\x44\x00\x1e\x44\x00\x1e\x46\x00\x1e\x46\x00\x1e\x48\x00\x1e\x48\x00\x1e\x4a\x00\x1e\x4a\x00\x1e\x4c\x00\x1e\x4c\x00\x1e\x4e\x00\x1e\x4e\x00\x1e\x50\x00\x1e\x50" +
	"\x00\x1e\x52\x00\x1e\x52\x00\x1e\x54\x00\x1e\x54\x00\x1e\x56\x00\x1e\x56\x00\x1e\x58\x00\x1e\x58\x00\x1e\x5a\x00\x1e\x5a\x00\x1e\x5c\x00\x1e\x5c\x00\x1e\x5e\x00\x1e\x5e\x00\x1e\x60\x00\x1e\x60" +
	"\x00\x1e\x62\x00\x1e\x62\x00\x1e\x64\x00\x1e\x64\x00\x1e\x66\x00\x1e\x66\x00\x1e\x68\x00\x1e\x68\x00\x1e\x6a\x00\x1e\x6a\x00\x1e\x6c\x00\x1e\x6c\x00\x1e\x6e\x00\x1e\x6e\x00\x1e\x70\x00\x1e\x70" +
	"\x00\x1e\x72\x00\x1e\x72\x00\x1e\x74\x00\x1e\x74\x00\x1e\x76\x00\x1e\x76\x00\x1e\x78\x00\x1e\x78\x00\x1e\x7a\x00\x1e\x7a\x00\x1e\x7c\x00\x1e\x7c\x00\x1e\x7e\x00\x1e\x7e\x00\x1e\x80\x00\x1e\x80" +
	"\x00\x1e\x82\x00\x1e\x82\x00\x1e\x84\x00\x1e\x84\x00\x1e\x86\x00\x1e\x86\x00\x1e\x88\x00\x1e\x88\x00\x1e\x8a\x00\x1e\x8a\x00\x1e\x8c\x00\x1e\x8c\x00\x1e\x8e\x00\x1e\x8e\x00\x1e\x90\x00\x1e\x90" +
	"\x00\x1e\x92\x00\x1e\x92\x00\x1e\x94\x00\x1e\x94\x00\x1e\x9e\x00\x1e\x9e\x00\x1e\xa0\x00\x1e\xa0\x00\x1e\xa2\x00\x1e\xa2\x00\x1e\xa4\x00\x1e\xa4\x00\x1e\xa6\x00\x1e\xa6\x00\x1e\xa8\x00\x1e\xa8" +
	"\x00\x1e\xaa\x00\x1e\xaa\x00\x1e\xac\x00\x1e\xac\x00\x1e\xae\x00\x1e\xae\x00\x1e\xb0\x00\x1e\xb0\x00\x1e\xb2\x00\x1e\xb2\x00\x1e\xb4\x00\x1e\xb4\x00\x1e\xb6\x00\x1e\xb6\x00\x1e\xb8\x00\x1e\xb8" +
	"\x00\x1e\xba\x00\x1e\xba\x00\x1e\xbc\x00\x1e\xbc\x00\x1e\xbe\x00\x1e\xbe\x00\x1e\xc0\x00\x1e\xc0\x00\x1e\xc2\x00\x1e\xc2\x00\x1e\xc4\x00\x1e\xc4\x00\x1e\xc6\x00\x1e\xc6\x00\x1e\xc8\x00\x1e\xc8" +
	"\x00\x1e\xca\x00\x1e\xca\x00\x1e\xcc\x00\x1e\xcc\x00\x1e\xce\x00\x1e\xce\x00\x1e\xd0\x00\x1e\xd0\x00\x1e\xd2\x00\x1e\xd2\x00\x1e\xd4\x00\x1e\xd4\x00\x1e\xd6\x00\x1e\xd6\x00\x1e\xd8\x00\x1e\xd8" +
	"\x00\x1e\xda\x00\x1e\xda\x00\x1e\xdc\x00\x1e\xdc\x00\x1e\xde\x00\x1e\xde\x00\x1e\xe0\x00\x1e\xe0\x00\x1e\xe2\x00\x1e\xe2\x00\x1e\xe4\x00\x1e\xe4\x00\x1e\xe6\x00\x1e\xe6\x00\x1e\xe8\x00\x1e\xe8" +
	"\x00\x1e\xea\x00\x1e\xea\x00\x1e\xec\x00\x1e\xec\x00\x1e\xee\x00\x1e\xee\x00\x1e\xf0\x00\x1e\xf0\x00\x1e\xf2\x00\x1e\xf2\x00\x1e\xf4\x00\x1e\xf4\x00\x1e\xf6\x00\x1e\xf6\x00\x1e\xf8\x00\x1e\xf8" +
	"\x00\x1e\xfa\x00\x1e\xfa\x00\x1e\xfc\x00\x1e\xfc\x00\x1e\xfe\x00\x1e\xfe\x00\x1f\x08\x00\x1f\x0f\x00\x1f\x18\x00\x1f\x1d\x00\x1f\x28\x00\x1f\x2f\x00\x1f\x38\x00\x1f\x3f\x00\x1f\x48\x00\x1f\x4d" +
	"\x00\x1f\x59\x00\x1f\x59\x00\x1f\x5b\x00\x1f\x5b\x00\x1f\x5d\x00\x1f\x5d\x00\x1f\x5f\x00\x1f\x5f\x00\x1f\x68\x00\x1f\x6f\x00\x1f\xb8\x00\x1f\xbb\x00\x1f\xc8\x00\x1f\xcb\x00\x1f\xd8\x00\x1f\xdb" +
	"\x00\x1f\xe8\x00\x1f\xec\x00\x1f\xf8\x00\x1f\xfb\x00\x21\x02\x00\x21\x02\x00\x21\x07\x00\x21\x07\x00\x21\x0b\x00\x21\x0d\x00\x21\x10\x00\x21\x12\x00\x21\x15\x00\x21\x15\x00\x21\x19\x00\x21\x1d" +
	"\x00\x21\x24\x00\x21\x24\x00\x21\x26\x00\x21\x26\x00\x21\x28\x00\x21\x28\x00\x21\x2a\x00\x21\x2d\x00\x21\x30\x00\x21\x33\x00\x21\x3e\x00\x21\x3f\x00\x21\x45\x00\x21\x45\x00\x21\x83\x00\x21\x83" +
	"\x00\x2c\x00\x00\x2c\x2f\x00\x2c\x60\x00\x2c\x60\x00\x2c\x62\x00\x2c\x64\x00\x2c\x67\x00\x2c\x67\x00\x2c\x69\x00\x2c\x69\x00\x2c\x6b\x00\x2c\x6b\x00\x2c\x6d\x00\x2c\x70\x00\x2c\x72\x00\x2c\x72" +
	"\x00\x2c\x75\x00\x2c\x75\x00\x2c\x7e\x00\x2c\x80\x00\x2c\x82\x00\x2c\x82\x00\x2c\x84\x00\x2c\x84\x00\x2c\x86\x00\x2c\x86\x00\x2c\x88\x00\x2c\x88\x00\x2c\x8a\x00\x2c\x8a\x00\x2c\x8c\x00\x2c\x8c" +
	"\x00\x2c\x8e\x00\x2c\x8e\x00\x2c\x90\x00\x2c\x90\x00\x2c\x92\x00\x2c\x92\x00\x2c\x94\x00\x2c\x94\x00\x2c\x96\x00\x2c\x96\x00\x2c\x98\x00\x2c\x98\x00\x2c\x9a\x00\x2c\x9a\x00\x2c\x9c\x00\x2c\x9c" +
	"\x00\x2c\x9e\x00\x2c\x9e\x00\x2c\xa0\x00\x2c\xa0\x00\x2c\xa2\x00\x2c\xa2\x00\x2c\xa4\x00\x2c\xa4\x00\x2c\xa6\x00\x2c\xa6\x00\x2c\xa8\x00\x2c\xa8\x00\x2c\xaa\x00\x2c\xaa\x00\x2c\xac\x00\x2c\xac" +
	"\x00\x2c\xae\x00\x2c\xae\x00\x2c\xb0\x00\x2c\xb0\x00\x2c\xb2\x00\x2c\xb2\x00\x2c\xb4\x00\x2c\xb4\x00\x2c\xb6\x00\x2c\xb6\x00\x2c\xb8\x00\x2c\xb8\x00\x2c\xba\x00\x2c\xba\x00\x2c\xbc\x00\x2c\xbc" +
	"\x00\x2c\xbe\x00\x2c\xbe\x00\x2c\xc0\x00\x2c\xc0\x00\x2c\xc2\x00\x2c\xc2\x00\x2c\xc4\x00\x2c\xc4\x00\x2c\xc6\x00\x2c\xc6\x00\x2c\xc8\x00\x2c\xc8\x00\x2c\xca\x00\x2c\xca\x00\x2c\xcc\x00\x2c\xcc" +
	"\x00\x2c\xce\x00\x2c\xce\x00\x2c\xd0\x00\x2c\xd0\x00\x2c\xd2\x00\x2c\xd2\x00\x2c\xd4\x00\x2c\xd4\x00\x2c\xd6\x00\x2c\xd6\x00\x2c\xd8\x00\x2c\xd8\x00\x2c\xda\x00\x2c\xda\x00\x2c\xdc\x00\x2c\xdc" +
	"\x00\x2c\xde\x00\x2c\xde\x00\x2c\xe0\x00\x2c\xe0\x00\x2c\xe2\x00\x2c\xe2\x00\x2c\xeb\x00\x2c\xeb\x00\x2c\xed\x00\x2c\xed\x00\x2c\xf2\x00\x2c\xf2\x00\xa6\x40\x00\xa6\x40\x00\xa6\x42\x00\xa6\x42" +
	"\x00\xa6\x44\x00\xa6\x44\x00\xa6\x46\x00\xa6\x46\x00\xa6\x48\x00\xa6\x48\x00\xa6\x4a\x00\xa6\x4a\x00\xa6\x4c\x00\xa6\x4c\x00\xa6\x4e\x00\xa6\x4e\x00\xa6\x50\x00\xa6\x50\x00\xa6\x52\x00\xa6\x52" +
	"\x00\xa6\x54\x00\xa6\x54\x00\xa6\x56\x00\xa6\x56\x00\xa6\x58\x00\xa6\x58\x00\xa6\x5a\x00\xa6\x5a\x00\xa6\x5c\x00\xa6\x5c\x00\xa6\x5e\x00\xa6\x5e\x00\xa6\x60\x00\xa6\x60\x00\xa6\x62\x00\xa6\x62" +
	"\x00\xa6\x64\x00\xa6\x64\x00\xa6\x66\x00\xa6\x66\x00\xa6\x68\x00\xa6\x68\x00\xa6\x6a\x00\xa6\x6a\x00\xa6\x6c\x00\xa6\x6c\x00\xa6\x80\x00\xa6\x80\x00\xa6\x82\x00\xa6\x82\x00\xa6\x84\x00\xa6\x84" +
	"\x00\xa6\x86\x00\xa6\x86\x00\xa6\x88\x00\xa6\x88\x00\xa6\x8a\x00\xa6\x8a\x00\xa6\x8c\x00\xa6\x8c\x00\xa6\x8e\x00\xa6\x8e\x00\xa6\x90\x00\xa6\x90\x00\xa6\x92\x00\xa6\x92\x00\xa6\x94\x00\xa6\x94" +
	"\x00\xa6\x96\x00\xa6\x96\x00\xa6\x98\x00\xa6\x98\x00\xa6\x9a\x00\xa6\x9a\x00\xa7\x22\x00\xa7\x22\x00\xa7\x24\x00\xa7\x24\x00\xa7\x26\x00\xa7\x26\x00\xa7\x28\x00\xa7\x28\x00\xa7\x2a\x00\xa7\x2a" +
	"\x00\xa7\x2c\x00\xa7\x2c\x00\xa7\x2e\x00\xa7\x2e\x00\xa7\x32\x00\xa7\x32\x00\xa7\x34\x00\xa7\x34\x00\xa7\x36\x00\xa7\x36\x00\xa7\x38\x00\xa7\x38\x00\xa7\x3a\x00\xa7\x3a\x00\xa7\x3c\x00\xa7\x3c" +
	"\x00\xa7\x3e\x00\xa7\x3e\x00\xa7\x40\x00\xa7\x40\x00\xa7\x42\x00\xa7\x42\x00\xa7\x44\x00\xa7\x44\x00\xa7\x46\x00\xa7\x46\x00\xa7\x48\x00\xa7\x48\x00\xa7\x4a\x00\xa7\x4a\x00\xa7\x4c\x00\xa7\x4c" +
	"\x00\xa7\x4e\x00\xa7\x4e\x00\xa7\x50\x00\xa7\x50\x00\xa7\x52\x00\xa7\x52\x00\xa7\x54\x00\xa7\x54\x00\xa7\x56\x00\xa7\x56\x00\xa7\x58\x00\xa7\x58\x00\xa7\x5a\x00\xa7\x5a\x00\xa7\x5c\x00\xa7\x5c" +
	"\x00\xa7\x5e\x00\xa7\x5e\x00\xa7\x60\x00\xa7\x60\x00\xa7\x62\x00\xa7\x62\x00\xa7\x64\x00\xa7\x64\x00\xa7\x66\x00\xa7\x66\x00\xa7\x68\x00\xa7\x68\x00\xa7\x6a\x00\xa7\x6a\x00\xa7\x6c\x00\xa7\x6c" +
	"\x00\xa7\x6e\x00\xa7\x6e\x00\xa7\x79\x00\xa7\x79\x00\xa7\x7b\x00\xa7\x7b\x00\xa7\x7d\x00\xa7\x7e\x00\xa7\x80\x00\xa7\x80\x00\xa7\x82\x00\xa7\x82\x00\xa7\x84\x00\xa7\x84\x00\xa7\x86\x00\xa7\x86" +
	"\x00\xa7\x8b\x00\xa7\x8b\x00\xa7\x8d\x00\xa7\x8d\x00\xa7\x90\x00\xa7\x90\x00\xa7\x92\x00\xa7\x92\x00\xa7\x96\x00\xa7\x96\x00\xa7\x98\x00\xa7\x98\x00\xa7\x9a\x00\xa7\x9a\x00\xa7\x9c\x00\xa7\x9c" +
	"\x00\xa7\x9e\x00\xa7\x9e\x00\xa7\xa0\x00\xa7\xa0\x00\xa7\xa2\x00\xa7\xa2\x00\xa7\xa4\x00\xa7\xa4\x00\xa7\xa6\x00\xa7\xa6\x00\xa7\xa8\x00\xa7\xa8\x00\xa7\xaa\x00\xa7\xae\x00\xa7\xb0\x00\xa7\xb4" +
	"\x00\xa7\xb6\x00\xa7\xb6\x00\xa7\xb8\x00\xa7\xb8\x00\xa7\xba\x00\xa7\xba\x00\xa7\xbc\x00\xa7\xbc\x00\xa7\xbe\x00\xa7\xbe\x00\xa7\xc0\x00\xa7\xc0\x00\xa7\xc2\x00\xa7\xc2\x00\xa7\xc4\x00\xa7\xc7" +
	"\x00\xa7\xc9\x00\xa7\xc9\x00\xa7\xcb\x00\xa7\xcc\x00\xa7\xce\x00\xa7\xce\x00\xa7\xd0\x00\xa7\xd0\x00\xa7\xd2\x00\xa7\xd2\x00\xa7\xd4\x00\xa7\xd4\x00\xa7\xd6\x00\xa7\xd6\x00\xa7\xd8\x00\xa7\xd8" +
	"\x00\xa7\xda\x00\xa7\xda\x00\xa7\xdc\x00\xa7\xdc\x00\xa7\xf5\x00\xa7\xf5\x00\xff\x21\x00\xff\x3a\x01\x04\x00\x01\x04\x27\x01\x04\xb0\x01\x04\xd3\x01\x05\x70\x01\x05\x7a\x01\x05\x7c\x01\x05\x8a" +
	"\x01\x05\x8c\x01\x05\x92\x01\x05\x94\x01\x05\x95\x01\x0c\x80\x01\x0c\xb2\x01\x0d\x50\x01\x0d\x65\x01\x18\xa0\x01\x18\xbf\x01\x6e\x40\x01\x6e\x5f\x01\x6e\xa0\x01\x6e\xb8\x01\xd4\x00\x01\xd4\x19" +
	"\x01\xd4\x34\x01\xd4\x4d\x01\xd4\x68\x01\xd4\x81\x01\xd4\x9c\x01\xd4\x9c\x01\xd4\x9e\x01\xd4\x9f\x01\xd4\xa2\x01\xd4\xa2\x01\xd4\xa5\x01\xd4\xa6\x01\xd4\xa9\x01\xd4\xac\x01\xd4\xae\x01\xd4\xb5" +
	"\x01\xd4\xd0\x01\xd4\xe9\x01\xd5\x04\x01\xd5\x05\x01\xd5\x07\x01\xd5\x0a\x01\xd5\x0d\x01\xd5\x14\x01\xd5\x16\x01\xd5\x1c\x01\xd5\x38\x01\xd5\x39\x01\xd5\x3b\x01\xd5\x3e\x01\xd5\x40\x01\xd5\x44" +
	"\x01\xd5\x46\x01\xd5\x46\x01\xd5\x4a\x01\xd5\x50\x01\xd5\x6c\x01\xd5\x85\x01\xd5\xa0\x01\xd5\xb9\x01\xd5\xd4\x01\xd5\xed\x01\xd6\x08\x01\xd6\x21\x01\xd6\x3c\x01\xd6\x55\x01\xd6\x70\x01\xd6\x89" +
	"\x01\xd6\xa8\x01\xd6\xc0\x01\xd6\xe2\x01\xd6\xfa\x01\xd7\x1c\x01\xd7\x34\x01\xd7\x56\x01\xd7\x6e\x01\xd7\x90\x01\xd7\xa8\x01\xd7\xca\x01\xd7\xca\x01\xe9\x00\x01\xe9\x21" +
	""

const lowerTable = "" +
	"\x00\x00\x61\x00\x00\x7a\x00\x00\xb5\x00\x00\xb5\x00\x00\xdf\x00\x00\xf6\x00\x00\xf8\x00\x00\xff\x00\x01\x01\x00\x01\x01\x00\x01\x03\x00\x01\x03\x00\x01\x05\x00\x01\x05\x00\x01\x07\x00\x01\x07" +
	"\x00\x01\x09\x00\x01\x09\x00\x01\x0b\x00\x01\x0b\x00\x01\x0d\x00\x01\x0d\x00\x01\x0f\x00\x01\x0f\x00\x01\x11\x00\x01\x11\x00\x01\x13\x00\x01\x13\x00\x01\x15\x00\x01\x15\x00\x01\x17\x00\x01\x17" +
	"\x00\x01\x19\x00\x01\x19\x00\x01\x1b\x00\x01\x1b\x00\x01\x1d\x00\x01\x1d\x00\x01\x1f\x00\x01\x1f\x00\x01\x21\x00\x01\x21\x00\x01\x23\x00\x01\x23\x00\x01\x25\x00\x01\x25\x00\x01\x27\x00\x01\x27" +
	"\x00\x01\x29\x00\x01\x29\x00\x01\x2b\x00\x01\x2b\x00\x01\x2d\x00\x01\x2d\x00\x01\x2f\x00\x01\x2f\x00\x01\x31\x00\x01\x31\x00\x01\x33\x00\x01\x33\x00\x01\x35\x00\x01\x35\x00\x01\x37\x00\x01\x38" +
	"\x00\x01\x3a\x00\x01\x3a\x00\x01\x3c\x00\x01\x3c\x00\x01\x3e\x00\x01\x3e\x00\x01\x40\x00\x01\x40\x00\x01\x42\x00\x01\x42\x00\x01\x44\x00\x01\x44\x00\x01\x46\x00\x01\x46\x00\x01\x48\x00\x01\x49" +
	"\x00\x01\x4b\x00\x01\x4b\x00\x01\x4d\x00\x01\x4d\x00\x01\x4f\x00\x01\x4f\x00\x01\x51\x00\x01\x51\x00\x01\x53\x00\x01\x53\x00\x01\x55\x00\x01\x55\x00\x01\x57\x00\x01\x57\x00\x01\x59\x00\x01\x59" +
	"\x00\x01\x5b\x00\x01\x5b\x00\x01\x5d\x00\x01\x5d\x00\x01\x5f\x00\x01\x5f\x00\x01\x61\x00\x01\x61\x00\x01\x63\x00\x01\x63\x00\x01\x65\x00\x01\x65\x00\x01\x67\x00\x01\x67\x00\x01\x69\x00\x01\x69" +
	"\x00\x01\x6b\x00\x01\x6b\x00\x01\x6d\x00\x01\x6d\x00\x01\x6f\x00\x01\x6f\x00\x01\x71\x00\x01\x71\x00\x01\x73\x00\x01\x73\x00\x01\x75\x00\x01\x75\x00\x01\x77\x00\x01\x77\x00\x01\x7a\x00\x01\x7a" +
	"\x00\x01\x7c\x00\x01\x7c\x00\x01\x7e\x00\x01\x80\x00\x01\x83\x00\x01\x83\x00\x01\x85\x00\x01\x85\x00\x01\x88\x00\x01\x88\x00\x01\x8c\x00\x01\x8d\x00\x01\x92\x00\x01\x92\x00\x01\x95\x00\x01\x95" +
	"\x00\x01\x99\x00\x01\x9b\x00\x01\x9e\x00\x01\x9e\x00\x01\xa1\x00\x01\xa1\x00\x01\xa3\x00\x01\xa3\x00\x01\xa5\x00\x01\xa5\x00\x01\xa8\x00\x01\xa8\x00\x01\xaa\x00\x01\xab\x00\x01\xad\x00\x01\xad" +
	"\x00\x01\xb0\x00\x01\xb0\x00\x01\xb4\x00\x01\xb4\x00\x01\xb6\x00\x01\xb6\x00\x01\xb9\x00\x01\xba\x00\x01\xbd\x00\x01\xbf\x00\x01\xc6\x00\x01\xc6\x00\x01\xc9\x00\x01\xc9\x00\x01\xcc\x00\x01\xcc" +
	"\x00\x01\xce\x00\x01\xce\x00\x01\xd0\x00\x01\xd0\x00\x01\xd2\x00\x01\xd2\x00\x01\xd4\x00\x01\xd4\x00\x01\xd6\x00\x01\xd6\x00\x01\xd8\x00\x01\xd8\x00\x01\xda\x00\x01\xda\x00\x01\xdc\x00\x01\xdd" +
	"\x00\x01\xdf\x00\x01\xdf\x00\x01\xe1\x00\x01\xe1\x00\x01\xe3\x00\x01\xe3\x00\x01\xe5\x00\x01\xe5\x00\x01\xe7\x00\x01\xe7\x00\x01\xe9\x00\x01\xe9\x00\x01\xeb\x00\x01\xeb\x00\x01\xed\x00\x01\xed" +
	"\x00\x01\xef\x00\x01\xf0\x00\x01\xf3\x00\x01\xf3\x00\x01\xf5\x00\x01\xf5\x00\x01\xf9\x00\x01\xf9\x00\x01\xfb\x00\x01\xfb\x00\x01\xfd\x00\x01\xfd\x00\x01\xff\x00\x01\xff\x00\x02\x01\x00\x02\x01" +
	"\x00\x02\x03\x00\x02\x03\x00\x02\x05\x00\x02\x05\x00\x02\x07\x00\x02\x07\x00\x02\x09\x00\x02\x09\x00\x02\x0b\x00\x02\x0b\x00\x02\x0d\x00\x02\x0d\x00\x02\x0f\x00\x02\x0f\x00\x02\x11\x00\x02\x11" +
	"\x00\x02\x13\x00\x02\x13\x00\x02\x15\x00\x02\x15\x00\x02\x17\x00\x02\x17\x00\x02\x19\x00\x02\x19\x00\x02\x1b\x00\x02\x1b\x00\x02\x1d\x00\x02\x1d\x00\x02\x1f\x00\x02\x1f\x00\x02\x21\x00\x02\x21" +
	"\x00\x02\x23\x00\x02\x23\x00\x02\x25\x00\x02\x25\x00\x02\x27\x00\x02\x27\x00\x02\x29\x00\x02\x29\x00\x02\x2b\x00\x02\x2b\x00\x02\x2d\x00\x02\x2d\x00\x02\x2f\x00\x02\x2f\x00\x02\x31\x00\x02\x31" +
	"\x00\x02\x33\x00\x02\x39\x00\x02\x3c\x00\x02\x3c\x00\x02\x3f\x00\x02\x40\x00\x02\x42\x00\x02\x42\x00\x02\x47\x00\x02\x47\x00\x02\x49\x00\x02\x49\x00\x02\x4b\x00\x02\x4b\x00\x02\x4d\x00\x02\x4d" +
	"\x00\x02\x4f\x00\x02\x93\x00\x02\x96\x00\x02\xaf\x00\x03\x71\x00\x03\x71\x00\x03\x73\x00\x03\x73\x00\x03\x77\x00\x03\x77\x00\x03\x7b\x00\x03\x7d\x00\x03\x90\x00\x03\x90\x00\x03\xac\x00\x03\xce" +
	"\x00\x03\xd0\x00\x03\xd1\x00\x03\xd5\x00\x03\xd7\x00\x03\xd9\x00\x03\xd9\x00\x03\xdb\x00\x03\xdb\x00\x03\xdd\x00\x03\xdd\x00\x03\xdf\x00\x03\xdf\x00\x03\xe1\x00\x03\xe1\x00\x03\xe3\x00\x03\xe3" +
	"\x00\x03\xe5\x00\x03\xe5\x00\x03\xe7\x00\x03\xe7\x00\x03\xe9\x00\x03\xe9\x00\x03\xeb\x00\x03\xeb\x00\x03\xed\x00\x03\xed\x00\x03\xef\x00\x03\xf3\x00\x03\xf5\x00\x03\xf5\x00\x03\xf8\x00\x03\xf8" +
	"\x00\x03\xfb\x00\x03\xfc\x00\x04\x30\x00\x04\x5f\x00\x04\x61\x00\x04\x61\x00\x04\x63\x00\x04\x63\x00\x04\x65\x00\x04\x65\x00\x04\x67\x00\x04\x67\x00\x04\x69\x00\x04\x69\x00\x04\x6b\x00\x04\x6b" +
	"\x00\x04\x6d\x00\x04\x6d\x00\x04\x6f\x00\x04\x6f\x00\x04\x71\x00\x04\x71\x00\x04\x73\x00\x04\x73\x00\x04\x75\x00\x04\x75\x00\x04\x77\x00\x04\x77\x00\x04\x79\x00\x04\x79\x00\x04\x7b\x00\x04\x7b" +
	"\x00\x04\x7d\x00\x04\x7d\x00\x04\x7f\x00\x04\x7f\x00\x04\x81\x00\x04\x81\x00\x04\x8b\x00\x04\x8b\x00\x04\x8d\x00\x04\x8d\x00\x04\x8f\x00\x04\x8f\x00\x04\x91\x00\x04\x91\x00\x04\x93\x00\x04\x93" +
	"\x00\x04\x95\x00\x04\x95\x00\x04\x97\x00\x04\x97\x00\x04\x99\x00\x04\x99\x00\x04\x9b\x00\x04\x9b\x00\x04\x9d\x00\x04\x9d\x00\x04\x9f\x00\x04\x9f\x00\x04\xa1\x00\x04\xa1\x00\x04\xa3\x00\x04\xa3" +
	"\x00\x04\xa5\x00\x04\xa5\x00\x04\xa7\x00\x04\xa7\x00\x04\xa9\x00\x04\xa9\x00\x04\xab\x00\x04\xab\x00\x04\xad\x00\x04\xad\x00\x04\xaf\x00\x04\xaf\x00\x04\xb1\x00\x04\xb1\x00\x04\xb3\x00\x04\xb3" +
	"\x00\x04\xb5\x00\x04\xb5\x00\x04\xb7\x00\x04\xb7\x00\x04\xb9\x00\x04\xb9\x00\x04\xbb\x00\x04\xbb\x00\x04\xbd\x00\x04\xbd\x00\x04\xbf\x00\x04\xbf\x00\x04\xc2\x00\x04\xc2\x00\x04\xc4\x00\x04\xc4" +
	"\x00\x04\xc6\x00\x04\xc6\x00\x04\xc8\x00\x04\xc8\x00\x04\xca\x00\x04\xca\x00\x04\xcc\x00\x04\xcc\x00\x04\xce\x00\x04\xcf\x00\x04\xd1\x00\x04\xd1\x00\x04\xd3\x00\x04\xd3\x00\x04\xd5\x00\x04\xd5" +
	"\x00\x04\xd7\x00\x04\xd7\x00\x04\xd9\x00\x04\xd9\x00\x04\xdb\x00\x04\xdb\x00\x04\xdd\x00\x04\xdd\x00\x04\xdf\x00\x04\xdf\x00\x04\xe1\x00\x04\xe1\x00\x04\xe3\x00\x04\xe3\x00\x04\xe5\x00\x04\xe5" +
	"\x00\x04\xe7\x00\x04\xe7\x00\x04\xe9\x00\x04\xe9\x00\x04\xeb\x00\x04\xeb\x00\x04\xed\x00\x04\xed\x00\x04\xef\x00\x04\xef\x00\x04\xf1\x00\x04\xf1\x00\x04\xf3\x00\x04\xf3\x00\x04\xf5\x00\x04\xf5" +
	"\x00\x04\xf7\x00\x04\xf7\x00\x04\xf9\x00\x04\xf9\x00\x04\xfb\x00\x04\xfb\x00\x04\xfd\x00\x04\xfd\x00\x04\xff\x00\x04\xff\x00\x05\x01\x00\x05\x01\x00\x05\x03\x00\x05\x03\x00\x05\x05\x00\x05\x05" +
	"\x00\x05\x07\x00\x05\x07\x00\x05\x09\x00\x05\x09\x00\x05\x0b\x00\x05\x0b\x00\x05\x0d\x00\x05\x0d\x00\x05\x0f\x00\x05\x0f\x00\x05\x11\x00\x05\x11\x00\x05\x13\x00\x05\x13\x00\x05\x15\x00\x05\x15" +
	"\x00\x05\x17\x00\x05\x17\x00\x05\x19\x00\x05\x19\x00\x05\x1b\x00\x05\x1b\x00\x05\x1d\x00\x05\x1d\x00\x05\x1f\x00\x05\x1f\x00\x05\x21\x00\x05\x21\x00\x05\x23\x00\x05\x23\x00\x05\x25\x00\x05\x25" +
	"\x00\x05\x27\x00\x05\x27\x00\x05\x29\x00\x05\x29\x00\x05\x2b\x00\x05\x2b\x00\x05\x2d\x00\x05\x2d\x00\x05\x2f\x00\x05\x2f\x00\x05\x60\x00\x05\x88\x00\x10\xd0\x00\x10\xfa\x00\x10\xfd\x00\x10\xff" +
	"\x00\x13\xf8\x00\x13\xfd\x00\x1c\x80\x00\x1c\x88\x00\x1c\x8a\x00\x1c\x8a\x00\x1d\x00\x00\x1d\x2b\x00\x1d\x6b\x00\x1d\x77\x00\x1d\x79\x00\x1d\x9a\x00\x1e\x01\x00\x1e\x01\x00\x1e\x03\x00\x1e\x03" +
	"\x00\x1e\x05\x00\x1e\x05\x00\x1e\x07\x00\x1e\x07\x00\x1e\x09\x00\x1e\x09\x00\x1e\x0b\x00\x1e\x0b\x00\x1e\x0d\x00\x1e\x0d\x00\x1e\x0f\x00\x1e\x0f\x00\x1e\x11\x00\x1e\x11\x00\x1e\x13\x00\x1e\x13" +
	"\x00\x1e\x15\x00\x1e\x15\x00\x1e\x17\x00\x1e\x17\x00\x1e\x19\x00\x1e\x19\x00\x1e\x1b\x00\x1e\x1b\x00\x1e\x1d\x00\x1e\x1d\x00\x1e\x1f\x00\x1e\x1f\x00\x1e\x21\x00\x1e\x21\x00\x1e\x23\x00\x1e\x23" +
	"\x00\x1e\x25\x00\x1e\x25\x00\x1e\x27\x00\x1e\x27\x00\x1e\x29\x00\x1e\x29\x00\x1e\x2b\x00\x1e\x2b\x00\x1e\x2d\x00\x1e\x2d\x00\x1e\x2f\x00\x1e\x2f\x00\x1e\x31\x00\x1e\x31\x00\x1e\x33\x00\x1e\x33" +
	"\x00\x1e\x35\x00\x1e\x35\x00\x1e\x37\x00\x1e\x37\x00\x1e\x39\x00\x1e\x39\x00\x1e\x3b\x00\x1e\x3b\x00\x1e\x3d\x00\x1e\x3d\x00\x1e\x3f\x00\x1e\x3f\x00\x1e\x41\x00\x1e\x41\x00\x1e\x43\x00\x1e\x43" +
	"\x00\x1e\x45\x00\x1e\x45\x00\x1e\x47\x00\x1e\x47\x00\x1e\x49\x00\x1e\x49\x00\x1e\x4b\x00\x1e\x4b\x00\x1e\x4d\x00\x1e\x4d\x00\x1e\x4f\x00\x1e\x4f\x00\x1e\x51\x00\x1e\x51\x00\x1e\x53\x00\x1e\x53" +
	"\x00\x1e\x55\x00\x1e\x55\x00\x1e\x57\x00\x1e\x57\x00\x1e\x59\x00\x1e\x59\x00\x1e\x5b\x00\x1e\x5b\x00\x1e\x5d\x00\x1e\x5d\x00\x1e\x5f\x00\x1e\x5f\x00\x1e\x61\x00\x1e\x61\x00\x1e\x63\x00\x1e\x63" +
	"\x00\x1e\x65\x00\x1e\x65\x00\x1e\x67\x00\x1e\x67\x00\x1e\x69\x00\x1e\x69\x00\x1e\x6b\x00\x1e\x6b\x00\x1e\x6d\x00\x1e\x6d\x00\x1e\x6f\x00\x1e\x6f\x00\x1e\x71\x00\x1e\x71\x00\x1e\x73\x00\x1e\x73" +
	"\x00\x1e\x75\x00\x1e\x75\x00\x1e\x77\x00\x1e\x77\x00\x1e\x79\x00\x1e\x79\x00\x1e\x7b\x00\x1e\x7b\x00\x1e\x7d\x00\x1e\x7d\x00\x1e\x7f\x00\x1e\x7f\x00\x1e\x81\x00\x1e\x81\x00\x1e\x83\x00\x1e\x83" +
	"\x00\x1e\x85\x00\x1e\x85\x00\x1e\x87\x00\x1e\x87\x00\x1e\x89\x00\x1e\x89\x00\x1e\x8b\x00\x1e\x8b\x00\x1e\x8d\x00\x1e\x8d\x00\x1e\x8f\x00\x1e\x8f\x00\x1e\x91\x00\x1e\x91\x00\x1e\x93\x00\x1e\x93" +
	"\x00\x1e\x95\x00\x1e\x9d\x00\x1e\x9f\x00\x1e\x9f\x00\x1e\xa1\x00\x1e\xa1\x00\x1e\xa3\x00\x1e\xa3\x00\x1e\xa5\x00\x1e\xa5\x00\x1e\xa7\x00\x1e\xa7\x00\x1e\xa9\x00\x1e\xa9\x00\x1e\xab\x00\x1e\xab" +
	"\x00\x1e\xad\x00\x1e\xad\x00\x1e\xaf\x00\x1e\xaf\x00\x1e\xb1\x00\x1e\xb1\x00\x1e\xb3\x00\x1e\xb3\x00\x1e\xb5\x00\x1e\xb5\x00\x1e\xb7\x00\x1e\xb7\x00\x1e\xb9\x00\x1e\xb9\x00\x1e\xbb\x00\x1e\xbb" +
	"\x00\x1e\xbd\x00\x1e\xbd\x00\x1e\xbf\x00\x1e\xbf\x00\x1e\xc1\x00\x1e\xc1\x00\x1e\xc3\x00\x1e\xc3\x00\x1e\xc5\x00\x1e\xc5\x00\x1e\xc7\x00\x1e\xc7\x00\x1e\xc9\x00\x1e\xc9\x00\x1e\xcb\x00\x1e\xcb" +
	"\x00\x1e\xcd\x00\x1e\xcd\x00\x1e\xcf\x00\x1e\xcf\x00\x1e\xd1\x00\x1e\xd1\x00\x1e\xd3\x00\x1e\xd3\x00\x1e\xd5\x00\x1e\xd5\x00\x1e\xd7\x00\x1e\xd7\x00\x1e\xd9\x00\x1e\xd9\x00\x1e\xdb\x00\x1e\xdb" +
	"\x00\x1e\xdd\x00\x1e\xdd\x00\x1e\xdf\x00\x1e\xdf\x00\x1e\xe1\x00\x1e\xe1\x00\x1e\xe3\x00\x1e\xe3\x00\x1e\xe5\x00\x1e\xe5\x00\x1e\xe7\x00\x1e\xe7\x00\x1e\xe9\x00\x1e\xe9\x00\x1e\xeb\x00\x1e\xeb" +
	"\x00\x1e\xed\x00\x1e\xed\x00\x1e\xef\x00\x1e\xef\x00\x1e\xf1\x00\x1e\xf1\x00\x1e\xf3\x00\x1e\xf3\x00\x1e\xf5\x00\x1e\xf5\x00\x1e\xf7\x00\x1e\xf7\x00\x1e\xf9\x00\x1e\xf9\x00\x1e\xfb\x00\x1e\xfb" +
	"\x00\x1e\xfd\x00\x1e\xfd\x00\x1e\xff\x00\x1f\x07\x00\x1f\x10\x00\x1f\x15\x00\x1f\x20\x00\x1f\x27\x00\x1f\x30\x00\x1f\x37\x00\x1f\x40\x00\x1f\x45\x00\x1f\x50\x00\x1f\x57\x00\x1f\x60\x00\x1f\x67" +
	"\x00\x1f\x70\x00\x1f\x7d\x00\x1f\x80\x00\x1f\x87\x00\x1f\x90\x00\x1f\x97\x00\x1f\xa0\x00\x1f\xa7\x00\x1f\xb0\x00\x1f\xb4\x00\x1f\xb6\x00\x1f\xb7\x00\x1f\xbe\x00\x1f\xbe\x00\x1f\xc2\x00\x1f\xc4" +
	"\x00\x1f\xc6\x00\x1f\xc7\x00\x1f\xd0\x00\x1f\xd3\x00\x1f\xd6\x00\x1f\xd7\x00\x1f\xe0\x00\x1f\xe7\x00\x1f\xf2\x00\x1f\xf4\x00\x1f\xf6\x00\x1f\xf7\x00\x21\x0a\x00\x21\x0a\x00\x21\x0e\x00\x21\x0f" +
	"\x00\x21\x13\x00\x21\x13\x00\x21\x2f\x00\x21\x2f\x00\x21\x34\x00\x21\x34\x00\x21\x39\x00\x21\x39\x00\x21\x3c\x00\x21\x3d\x00\x21\x46\x00\x21\x49\x00\x21\x4e\x00\x21\x4e\x00\x21\x84\x00\x21\x84" +
	"\x00\x2c\x30\x00\x2c\x5f\x00\x2c\x61\x00\x2c\x61\x00\x2c\x65\x00\x2c\x66\x00\x2c\x68\x00\x2c\x68\x00\x2c\x6a\x00\x2c\x6a\x00\x2c\x6c\x00\x2c\x6c\x00\x2c\x71\x00\x2c\x71\x00\x2c\x73\x00\x2c\x74" +
	"\x00\x2c\x76\x00\x2c\x7b\x00\x2c\x81\x00\x2c\x81\x00\x2c\x83\x00\x2c\x83\x00\x2c\x85\x00\x2c\x85\x00\x2c\x87\x00\x2c\x87\x00\x2c\x89\x00\x2c\x89\x00\x2c\x8b\x00\x2c\x8b\x00\x2c\x8d\x00\x2c\x8d" +
	"\x00\x2c\x8f\x00\x2c\x8f\x00\x2c\x91\x00\x2c\x91\x00\x2c\x93\x00\x2c\x93\x00\x2c\x95\x00\x2c\x95\x00\x2c\x97\x00\x2c\x97\x00\x2c\x99\x00\x2c\x99\x00\x2c\x9b\x00\x2c\x9b\x00\x2c\x9d\x00\x2c\x9d" +
	"\x00\x2c\x9f\x00\x2c\x9f\x00\x2c\xa1\x00\x2c\xa1\x00\x2c\xa3\x00\x2c\xa3\x00\x2c\xa5\x00\x2c\xa5\x00\x2c\xa7\x00\x2c\xa7\x00\x2c\xa9\x00\x2c\xa9\x00\x2c\xab\x00\x2c\xab\x00\x2c\xad\x00\x2c\xad" +
	"\x00\x2c\xaf\x00\x2c\xaf\x00\x2c\xb1\x00\x2c\xb1\x00\x2c\xb3\x00\x2c\xb3\x00\x2c\xb5\x00\x2c\xb5\x00\x2c\xb7\x00\x2c\xb7\x00\x2c\xb9\x00\x2c\xb9\x00\x2c\xbb\x00\x2c\xbb\x00\x2c\xbd\x00\x2c\xbd" +
	"\x00\x2c\xbf\x00\x2c\xbf\x00\x2c\xc1\x00\x2c\xc1\x00\x2c\xc3\x00\x2c\xc3\x00\x2c\xc5\x00\x2c\xc5\x00\x2c\xc7\x00\x2c\xc7\x00\x2c\xc9\x00\x2c\xc9\x00\x2c\xcb\x00\x2c\xcb\x00\x2c\xcd\x00\x2c\xcd" +
	"\x00\x2c\xcf\x00\x2c\xcf\x00\x2c\xd1\x00\x2c\xd1\x00\x2c\xd3\x00\x2c\xd3\x00\x2c\xd5\x00\x2c\xd5\x00\x2c\xd7\x00\x2c\xd7\x00\x2c\xd9\x00\x2c\xd9\x00\x2c\xdb\x00\x2c\xdb\x00\x2c\xdd\x00\x2c\xdd" +
	"\x00\x2c\xdf\x00\x2c\xdf\x00\x2c\xe1\x00\x2c\xe1\x00\x2c\xe3\x00\x2c\xe4\x00\x2c\xec\x00\x2c\xec\x00\x2c\xee\x00\x2c\xee\x00\x2c\xf3\x00\x2c\xf3\x00\x2d\x00\x00\x2d\x25\x00\x2d\x27\x00\x2d\x27" +
	"\x00\x2d\x2d\x00\x2d\x2d\x00\xa6\x41\x00\xa6\x41\x00\xa6\x43\x00\xa6\x43\x00\xa6\x45\x00\xa6\x45\x00\xa6\x47\x00\xa6\x47\x00\xa6\x49\x00\xa6\x49\x00\xa6\x4b\x00\xa6\x4b\x00\xa6\x4d\x00\xa6\x4d" +
	"\x00\xa6\x4f\x00\xa6\x4f\x00\xa6\x51\x00\xa6\x51\x00\xa6\x53\x00\xa6\x53\x00\xa6\x55\x00\xa6\x55\x00\xa6\x57\x00\xa6\x57\x00\xa6\x59\x00\xa6\x59\x00\xa6\x5b\x00\xa6\x5b\x00\xa6\x5d\x00\xa6\x5d" +
	"\x00\xa6\x5f\x00\xa6\x5f\x00\xa6\x61\x00\xa6\x61\x00\xa6\x63\x00\xa6\x63\x00\xa6\x65\x00\xa6\x65\x00\xa6\x67\x00\xa6\x67\x00\xa6\x69\x00\xa6\x69\x00\xa6\x6b\x00\xa6\x6b\x00\xa6\x6d\x00\xa6\x6d" +
	"\x00\xa6\x81\x00\xa6\x81\x00\xa6\x83\x00\xa6\x83\x00\xa6\x85\x00\xa6\x85\x00\xa6\x87\x00\xa6\x87\x00\xa6\x89\x00\xa6\x89\x00\xa6\x8b\x00\xa6\x8b\x00\xa6\x8d\x00\xa6\x8d\x00\xa6\x8f\x00\xa6\x8f" +
	"\x00\xa6\x91\x00\xa6\x91\x00\xa6\x93\x00\xa6\x93\x00\xa6\x95\x00\xa6\x95\x00\xa6\x97\x00\xa6\x97\x00\xa6\x99\x00\xa6\x99\x00\xa6\x9b\x00\xa6\x9b\x00\xa7\x23\x00\xa7\x23\x00\xa7\x25\x00\xa7\x25" +
	"\x00\xa7\x27\x00\xa7\x27\x00\xa7\x29\x00\xa7\x29\x00\xa7\x2b\x00\xa7\x2b\x00\xa7\x2d\x00\xa7\x2d\x00\xa7\x2f\x00\xa7\x31\x00\xa7\x33\x00\xa7\x33\x00\xa7\x35\x00\xa7\x35\x00\xa7\x37\x00\xa7\x37" +
	"\x00\xa7\x39\x00\xa7\x39\x00\xa7\x3b\x00\xa7\x3b\x00\xa7\x3d\x00\xa7\x3d\x00\xa7\x3f\x00\xa7\x3f\x00\xa7\x41\x00\xa7\x41\x00\xa7\x43\x00\xa7\x43\x00\xa7\x45\x00\xa7\x45\x00\xa7\x47\x00\xa7\x47" +
	"\x00\xa7\x49\x00\xa7\x49\x00\xa7\x4b\x00\xa7\x4b\x00\xa7\x4d\x00\xa7\x4d\x00\xa7\x4f\x00\xa7\x4f\x00\xa7\x51\x00\xa7\x51\x00\xa7\x53\x00\xa7\x53\x00\xa7\x55\x00\xa7\x55\x00\xa7\x57\x00\xa7\x57" +
	"\x00\xa7\x59\x00\xa7\x59\x00\xa7\x5b\x00\xa7\x5b\x00\xa7\x5d\x00\xa7\x5d\x00\xa7\x5f\x00\xa7\x5f\x00\xa7\x61\x00\xa7\x61\x00\xa7\x63\x00\xa7\x63\x00\xa7\x65\x00\xa7\x65\x00\xa7\x67\x00\xa7\x67" +
	"\x00\xa7\x69\x00\xa7\x69\x00\xa7\x6b\x00\xa7\x6b\x00\xa7\x6d\x00\xa7\x6d\x00\xa7\x6f\x00\xa7\x6f\x00\xa7\x71\x00\xa7\x78\x00\xa7\x7a\x00\xa7\x7a\x00\xa7\x7c\x00\xa7\x7c\x00\xa7\x7f\x00\xa7\x7f" +
	"\x00\xa7\x81\x00\xa7\x81\x00\xa7\x83\x00\xa7\x83\x00\xa7\x85\x00\xa7\x85\x00\xa7\x87\x00\xa7\x87\x00\xa7\x8c\x00\xa7\x8c\x00\xa7\x8e\x00\xa7\x8e\x00\xa7\x91\x00\xa7\x91\x00\xa7\x93\x00\xa7\x95" +
	"\x00\xa7\x97\x00\xa7\x97\x00\xa7\x99\x00\xa7\x99\x00\xa7\x9b\x00\xa7\x9b\x00\xa7\x9d\x00\xa7\x9d\x00\xa7\x9f\x00\xa7\x9f\x00\xa7\xa1\x00\xa7\xa1\x00\xa7\xa3\x00\xa7\xa3\x00\xa7\xa5\x00\xa7\xa5" +
	"\x00\xa7\xa7\x00\xa7\xa7\x00\xa7\xa9\x00\xa7\xa9\x00\xa7\xaf\x00\xa7\xaf\x00\xa7\xb5\x00\xa7\xb5\x00\xa7\xb7\x00\xa7\xb7\x00\xa7\xb9\x00\xa7\xb9\x00\xa7\xbb\x00\xa7\xbb\x00\xa7\xbd\x00\xa7\xbd" +
	"\x00\xa7\xbf\x00\xa7\xbf\x00\xa7\xc1\x00\xa7\xc1\x00\xa7\xc3\x00\xa7\xc3\x00\xa7\xc8\x00\xa7\xc8\x00\xa7\xca\x00\xa7\xca\x00\xa7\xcd\x00\xa7\xcd\x00\xa7\xcf\x00\xa7\xcf\x00\xa7\xd1\x00\xa7\xd1" +
	"\x00\xa7\xd3\x00\xa7\xd3\x00\xa7\xd5\x00\xa7\xd5\x00\xa7\xd7\x00\xa7\xd7\x00\xa7\xd9\x00\xa7\xd9\x00\xa7\xdb\x00\xa7\xdb\x00\xa7\xf6\x00\xa7\xf6\x00\xa7\xfa\x00\xa7\xfa\x00\xab\x30\x00\xab\x5a" +
	"\x00\xab\x60\x00\xab\x68\x00\xab\x70\x00\xab\xbf\x00\xfb\x00\x00\xfb\x06\x00\xfb\x13\x00\xfb\x17\x00\xff\x41\x00\xff\x5a\x01\x04\x28\x01\x04\x4f\x01\x04\xd8\x01\x04\xfb\x01\x05\x97\x01\x05\xa1" +
	"\x01\x05\xa3\x01\x05\xb1\x01\x05\xb3\x01\x05\xb9\x01\x05\xbb\x01\x05\xbc\x01\x0c\xc0\x01\x0c\xf2\x01\x0d\x70\x01\x0d\x85\x01\x18\xc0\x01\x18\xdf\x01\x6e\x60\x01\x6e\x7f\x01\x6e\xbb\x01\x6e\xd3" +
	"\x01\xd4\x1a\x01\xd4\x33\x01\xd4\x4e\x01\xd4\x54\x01\xd4\x56\x01\xd4\x67\x01\xd4\x82\x01\xd4\x9b\x01\xd4\xb6\x01\xd4\xb9\x01\xd4\xbb\x01\xd4\xbb\x01\xd4\xbd\x01\xd4\xc3\x01\xd4\xc5\x01\xd4\xcf" +
	"\x01\xd4\xea\x01\xd5\x03\x01\xd5\x1e\x01\xd5\x37\x01\xd5\x52\x01\xd5\x6b\x01\xd5\x86\x01\xd5\x9f\x01\xd5\xba\x01\xd5\xd3\x01\xd5\xee\x01\xd6\x07\x01\xd6\x22\x01\xd6\x3b\x01\xd6\x56\x01\xd6\x6f" +
	"\x01\xd6\x8a\x01\xd6\xa5\x01\xd6\xc2\x01\xd6\xda\x01\xd6\xdc\x01\xd6\xe1\x01\xd6\xfc\x01\xd7\x14\x01\xd7\x16\x01\xd7\x1b\x01\xd7\x36\x01\xd7\x4e\x01\xd7\x50\x01\xd7\x55\x01\xd7\x70\x01\xd7\x88" +
	"\x01\xd7\x8a\x01\xd7\x8f\x01\xd7\xaa\x01\xd7\xc2\x01\xd7\xc4\x01\xd7\xc9\x01\xd7\xcb\x01\xd7\xcb\x01\xdf\x00\x01\xdf\x09\x01\xdf\x0b\x01\xdf\x1e\x01\xdf\x25\x01\xdf\x2a\x01\xe9\x22\x01\xe9\x43" +
	""

const titleTable = "" +
	"\x00\x01\xc5\x00\x01\xc5\x00\x01\xc8\x00\x01\xc8\x00\x01\xcb\x00\x01\xcb\x00\x01\xf2\x00\x01\xf2\x00\x1f\x88\x00\x1f\x8f\x00\x1f\x98\x00\x1f\x9f\x00\x1f\xa8\x00\x1f\xaf\x00\x1f\xbc\x00\x1f\xbc" +
	"\x00\x1f\xcc\x00\x1f\xcc\x00\x1f\xfc\x00\x1f\xfc" +
	""

const digitTable = "" +
	"\x00\x00\x30\x00\x00\x39\x00\x06\x60\x00\x06\x69\x00\x06\xf0\x00\x06\xf9\x00\x07\xc0\x00\x07\xc9\x00\x09\x66\x00\x09\x6f\x00\x09\xe6\x00\x09\xef\x00\x0a\x66\x00\x0a\x6f\x00\x0a\xe6\x00\x0a\xef" +
	"\x00\x0b\x66\x00\x0b\x6f\x00\x0b\xe6\x00\x0b\xef\x00\x0c\x66\x00\x0c\x6f\x00\x0c\xe6\x00\x0c\xef\x00\x0d\x66\x00\x0d\x6f\x00\x0d\xe6\x00\x0d\xef\x00\x0e\x50\x00\x0e\x59\x00\x0e\xd0\x00\x0e\xd9" +
	"\x00\x0f\x20\x00\x0f\x29\x00\x10\x40\x00\x10\x49\x00\x10\x90\x00\x10\x99\x00\x17\xe0\x00\x17\xe9\x00\x18\x10\x00\x18\x19\x00\x19\x46\x00\x19\x4f\x00\x19\xd0\x00\x19\xd9\x00\x1a\x80\x00\x1a\x89" +
	"\x00\x1a\x90\x00\x1a\x99\x00\x1b\x50\x00\x1b\x59\x00\x1b\xb0\x00\x1b\xb9\x00\x1c\x40\x00\x1c\x49\x00\x1c\x50\x00\x1c\x59\x00\xa6\x20\x00\xa6\x29\x00\xa8\xd0\x00\xa8\xd9\x00\xa9\x00\x00\xa9\x09" +
	"\x00\xa9\xd0\x00\xa9\xd9\x00\xa9\xf0\x00\xa9\xf9\x00\xaa\x50\x00\xaa\x59\x00\xab\xf0\x00\xab\xf9\x00\xff\x10\x00\xff\x19\x01\x04\xa0\x01\x04\xa9\x01\x0d\x30\x01\x0d\x39\x01\x0d\x40\x01\x0d\x49" +
	"\x01\x10\x66\x01\x10\x6f\x01\x10\xf0\x01\x10\xf9\x01\x11\x36\x01\x11\x3f\x01\x11\xd0\x01\x11\xd9\x01\x12\xf0\x01\x12\xf9\x01\x14\x50\x01\x14\x59\x01\x14\xd0\x01\x14\xd9\x01\x16\x50\x01\x16\x59" +
	"\x01\x16\xc0\x01\x16\xc9\x01\x16\xd0\x01\x16\xe3\x01\x17\x30\x01\x17\x39\x01\x18\xe0\x01\x18\xe9\x01\x19\x50\x01\x19\x59\x01\x1b\xf0\x01\x1b\xf9\x01\x1c\x50\x01\x1c\x59\x01\x1d\x50\x01\x1d\x59" +
	"\x01\x1d\xa0\x01\x1d\xa9\x01\x1d\xe0\x01\x1d\xe9\x01\x1f\x50\x01\x1f\x59\x01\x61\x30\x01\x61\x39\x01\x6a\x60\x01\x6a\x69\x01\x6a\xc0\x01\x6a\xc9\x01\x6b\x50\x01\x6b\x59\x01\x6d\x70\x01\x6d\x79" +
	"\x01\xcc\xf0\x01\xcc\xf9\x01\xd7\xce\x01\xd7\xff\x01\xe1\x40\x01\xe1\x49\x01\xe2\xf0\x01\xe2\xf9\x01\xe4\xf0\x01\xe4\xf9\x01\xe5\xf1\x01\xe5\xfa\x01\xe9\x50\x01\xe9\x59\x01\xfb\xf0\x01\xfb\xf9" +
	""

const numberTable = "" +
	"\x00\x00\x30\x00\x00\x39\x00\x00\xb2\x00\x00\xb3\x00\x00\xb9\x00\x00\xb9\x00\x00\xbc\x00\x00\xbe\x00\x06\x60\x00\x06\x69\x00\x06\xf0\x00\x06\xf9\x00\x07\xc0\x00\x07\xc9\x00\x09\x66\x00\x09\x6f" +
	"\x00\x09\xe6\x00\x09\xef\x00\x09\xf4\x00\x09\xf9\x00\x0a\x66\x00\x0a\x6f\x00\x0a\xe6\x00\x0a\xef\x00\x0b\x66\x00\x0b\x6f\x00\x0b\x72\x00\x0b\x77\x00\x0b\xe6\x00\x0b\xf2\x00\x0c\x66\x00\x0c\x6f" +
	"\x00\x0c\x78\x00\x0c\x7e\x00\x0c\xe6\x00\x0c\xef\x00\x0d\x58\x00\x0d\x5e\x00\x0d\x66\x00\x0d\x78\x00\x0d\xe6\x00\x0d\xef\x00\x0e\x50\x00\x0e\x59\x00\x0e\xd0\x00\x0e\xd9\x00\x0f\x20\x00\x0f\x33" +
	"\x00\x10\x40\x00\x10\x49\x00\x10\x90\x00\x10\x99\x00\x13\x69\x00\x13\x7c\x00\x16\xee\x00\x16\xf0\x00\x17\xe0\x00\x17\xe9\x00\x17\xf0\x00\x17\xf9\x00\x18\x10\x00\x18\x19\x00\x19\x46\x00\x19\x4f" +
	"\x00\x19\xd0\x00\x19\xda\x00\x1a\x80\x00\x1a\x89\x00\x1a\x90\x00\x1a\x99\x00\x1b\x50\x00\x1b\x59\x00\x1b\xb0\x00\x1b\xb9\x00\x1c\x40\x00\x1c\x49\x00\x1c\x50\x00\x1c\x59\x00\x20\x70\x00\x20\x70" +
	"\x00\x20\x74\x00\x20\x79\x00\x20\x80\x00\x20\x89\x00\x21\x50\x00\x21\x82\x00\x21\x85\x00\x21\x89\x00\x24\x60\x00\x24\x9b\x00\x24\xea\x00\x24\xff\x00\x27\x76\x00\x27\x93\x00\x2c\xfd\x00\x2c\xfd" +
	"\x00\x30\x07\x00\x30\x07\x00\x30\x21\x00\x30\x29\x00\x30\x38\x00\x30\x3a\x00\x31\x92\x00\x31\x95\x00\x32\x20\x00\x32\x29\x00\x32\x48\x00\x32\x4f\x00\x32\x51\x00\x32\x5f\x00\x32\x80\x00\x32\x89" +
	"\x00\x32\xb1\x00\x32\xbf\x00\xa6\x20\x00\xa6\x29\x00\xa6\xe6\x00\xa6\xef\x00\xa8\x30\x00\xa8\x35\x00\xa8\xd0\x00\xa8\xd9\x00\xa9\x00\x00\xa9\x09\x00\xa9\xd0\x00\xa9\xd9\x00\xa9\xf0\x00\xa9\xf9" +
	"\x00\xaa\x50\x00\xaa\x59\x00\xab\xf0\x00\xab\xf9\x00\xff\x10\x00\xff\x19\x01\x01\x07\x01\x01\x33\x01\x01\x40\x01\x01\x78\x01\x01\x8a\x01\x01\x8b\x01\x02\xe1\x01\x02\xfb\x01\x03\x20\x01\x03\x23" +
	"\x01\x03\x41\x01\x03\x41\x01\x03\x4a\x01\x03\x4a\x01\x03\xd1\x01\x03\xd5\x01\x04\xa0\x01\x04\xa9\x01\x08\x58\x01\x08\x5f\x01\x08\x79\x01\x08\x7f\x01\x08\xa7\x01\x08\xaf\x01\x08\xfb\x01\x08\xff" +
	"\x01\x09\x16\x01\x09\x1b\x01\x09\xbc\x01\x09\xbd\x01\x09\xc0\x01\x09\xcf\x01\x09\xd2\x01\x09\xff\x01\x0a\x40\x01\x0a\x48\x01\x0a\x7d\x01\x0a\x7e\x01\x0a\x9d\x01\x0a\x9f\x01\x0a\xeb\x01\x0a\xef" +
	"\x01\x0b\x58\x01\x0b\x5f\x01\x0b\x78\x01\x0b\x7f\x01\x0b\xa9\x01\x0b\xaf\x01\x0c\xfa\x01\x0c\xff\x01\x0d\x30\x01\x0d\x39\x01\x0d\x40\x01\x0d\x49\x01\x0e\x60\x01\x0e\x7e\x01\x0f\x1d\x01\x0f\x26" +
	"\x01\x0f\x51\x01\x0f\x54\x01\x0f\xc5\x01\x0f\xcb\x01\x10\x52\x01\x10\x6f\x01\x10\xf0\x01\x10\xf9\x01\x11\x36\x01\x11\x3f\x01\x11\xd0\x01\x11\xd9\x01\x11\xe1\x01\x11\xf4\x01\x12\xf0\x01\x12\xf9" +
	"\x01\x14\x50\x01\x14\x59\x01\x14\xd0\x01\x14\xd9\x01\x16\x50\x01\x16\x59\x01\x16\xc0\x01\x16\xc9\x01\x16\xd0\x01\x16\xe3\x01\x17\x30\x01\x17\x3b\x01\x18\xe0\x01\x18\xf2\x01\x19\x50\x01\x19\x59" +
	"\x01\x1b\xf0\x01\x1b\xf9\x01\x1c\x50\x01\x1c\x6c\x01\x1d\x50\x01\x1d\x59\x01\x1d\xa0\x01\x1d\xa9\x01\x1d\xe0\x01\x1d\xe9\x01\x1f\x50\x01\x1f\x59\x01\x1f\xc0\x01\x1f\xd4\x01\x24\x00\x01\x24\x6e" +
	"\x01\x61\x30\x01\x61\x39\x01\x6a\x60\x01\x6a\x69\x01\x6a\xc0\x01\x6a\xc9\x01\x6b\x50\x01\x6b\x59\x01\x6b\x5b\x01\x6b\x61\x01\x6d\x70\x01\x6d\x79\x01\x6e\x80\x01\x6e\x96\x01\x6f\xf4\x01\x6f\xf6" +
	"\x01\xcc\xf0\x01\xcc\xf9\x01\xd2\xc0\x01\xd2\xd3\x01\xd2\xe0\x01\xd2\xf3\x01\xd3\x60\x01\xd3\x78\x01\xd7\xce\x01\xd7\xff\x01\xe1\x40\x01\xe1\x49\x01\xe2\xf0\x01\xe2\xf9\x01\xe4\xf0\x01\xe4\xf9" +
	"\x01\xe5\xf1\x01\xe5\xfa\x01\xe8\xc7\x01\xe8\xcf\x01\xe9\x50\x01\xe9\x59\x01\xec\x71\x01\xec\xab\x01\xec\xad\x01\xec\xaf\x01\xec\xb1\x01\xec\xb4\x01\xed\x01\x01\xed\x2d\x01\xed\x2f\x01\xed\x3d" +
	"\x01\xf1\x00\x01\xf1\x0c\x01\xfb\xf0\x01\xfb\xf9" +
	""

const punctTable = "" +
	"\x00\x00\x21\x00\x00\x23\x00\x00\x25\x00\x00\x2a\x00\x00\x2c\x00\x00\x2f\x00\x00\x3a\x00\x00\x3b\x00\x00\x3f\x00\x00\x40\x00\x00\x5b\x00\x00\x5d\x00\x00\x5f\x00\x00\x5f\x00\x00\x7b\x00\x00\x7b" +
	"\x00\x00\x7d\x00\x00\x7d\x00\x00\xa1\x00\x00\xa1\x00\x00\xa7\x00\x00\xa7\x00\x00\xab\x00\x00\xab\x00\x00\xb6\x00\x00\xb7\x00\x00\xbb\x00\x00\xbb\x00\x00\xbf\x00\x00\xbf\x00\x03\x7e\x00\x03\x7e" +
	"\x00\x03\x87\x00\x03\x87\x00\x05\x5a\x00\x05\x5f\x00\x05\x89\x00\x05\x8a\x00\x05\xbe\x00\x05\xbe\x00\x05\xc0\x00\x05\xc0\x00\x05\xc3\x00\x05\xc3\x00\x05\xc6\x00\x05\xc6\x00\x05\xf3\x00\x05\xf4" +
	"\x00\x06\x09\x00\x06\x0a\x00\x06\x0c\x00\x06\x0d\x00\x06\x1b\x00\x06\x1b\x00\x06\x1d\x00\x06\x1f\x00\x06\x6a\x00\x06\x6d\x00\x06\xd4\x00\x06\xd4\x00\x07\x00\x00\x07\x0d\x00\x07\xf7\x00\x07\xf9" +
	"\x00\x08\x30\x00\x08\x3e\x00\x08\x5e\x00\x08\x5e\x00\x09\x64\x00\x09\x65\x00\x09\x70\x00\x09\x70\x00\x09\xfd\x00\x09\xfd\x00\x0a\x76\x00\x0a\x76\x00\x0a\xf0\x00\x0a\xf0\x00\x0c\x77\x00\x0c\x77" +
	"\x00\x0c\x84\x00\x0c\x84\x00\x0d\xf4\x00\x0d\xf4\x00\x0e\x4f\x00\x0e\x4f\x00\x0e\x5a\x00\x0e\x5b\x00\x0f\x04\x00\x0f\x12\x00\x0f\x14\x00\x0f\x14\x00\x0f\x3a\x00\x0f\x3d\x00\x0f\x85\x00\x0f\x85" +
	"\x00\x0f\xd0\x00\x0f\xd4\x00\x0f\xd9\x00\x0f\xda\x00\x10\x4a\x00\x10\x4f\x00\x10\xfb\x00\x10\xfb\x00\x13\x60\x00\x13\x68\x00\x14\x00\x00\x14\x00\x00\x16\x6e\x00\x16\x6e\x00\x16\x9b\x00\x16\x9c" +
	"\x00\x16\xeb\x00\x16\xed\x00\x17\x35\x00\x17\x36\x00\x17\xd4\x00\x17\xd6\x00\x17\xd8\x00\x17\xda\x00\x18\x00\x00\x18\x0a\x00\x19\x44\x00\x19\x45\x00\x1a\x1e\x00\x1a\x1f\x00\x1a\xa0\x00\x1a\xa6" +
	"\x00\x1a\xa8\x00\x1a\xad\x00\x1b\x4e\x00\x1b\x4f\x00\x1b\x5a\x00\x1b\x60\x00\x1b\x7d\x00\x1b\x7f\x00\x1b\xfc\x00\x1b\xff\x00\x1c\x3b\x00\x1c\x3f\x00\x1c\x7e\x00\x1c\x7f\x00\x1c\xc0\x00\x1c\xc7" +
	"\x00\x1c\xd3\x00\x1c\xd3\x00\x20\x10\x00\x20\x27\x00\x20\x30\x00\x20\x43\x00\x20\x45\x00\x20\x51\x00\x20\x53\x00\x20\x5e\x00\x20\x7d\x00\x20\x7e\x00\x20\x8d\x00\x20\x8e\x00\x23\x08\x00\x23\x0b" +
	"\x00\x23\x29\x00\x23\x2a\x00\x27\x68\x00\x27\x75\x00\x27\xc5\x00\x27\xc6\x00\x27\xe6\x00\x27\xef\x00\x29\x83\x00\x29\x98\x00\x29\xd8\x00\x29\xdb\x00\x29\xfc\x00\x29\xfd\x00\x2c\xf9\x00\x2c\xfc" +
	"\x00\x2c\xfe\x00\x2c\xff\x00\x2d\x70\x00\x2d\x70\x00\x2e\x00\x00\x2e\x2e\x00\x2e\x30\x00\x2e\x4f\x00\x2e\x52\x00\x2e\x5d\x00\x30\x01\x00\x30\x03\x00\x30\x08\x00\x30\x11\x00\x30\x14\x00\x30\x1f" +
	"\x00\x30\x30\x00\x30\x30\x00\x30\x3d\x00\x30\x3d\x00\x30\xa0\x00\x30\xa0\x00\x30\xfb\x00\x30\xfb\x00\xa4\xfe\x00\xa4\xff\x00\xa6\x0d\x00\xa6\x0f\x00\xa6\x73\x00\xa6\x73\x00\xa6\x7e\x00\xa6\x7e" +
	"\x00\xa6\xf2\x00\xa6\xf7\x00\xa8\x74\x00\xa8\x77\x00\xa8\xce\x00\xa8\xcf\x00\xa8\xf8\x00\xa8\xfa\x00\xa8\xfc\x00\xa8\xfc\x00\xa9\x2e\x00\xa9\x2f\x00\xa9\x5f\x00\xa9\x5f\x00\xa9\xc1\x00\xa9\xcd" +
	"\x00\xa9\xde\x00\xa9\xdf\x00\xaa\x5c\x00\xaa\x5f\x00\xaa\xde\x00\xaa\xdf\x00\xaa\xf0\x00\xaa\xf1\x00\xab\xeb\x00\xab\xeb\x00\xfd\x3e\x00\xfd\x3f\x00\xfe\x10\x00\xfe\x19\x00\xfe\x30\x00\xfe\x52" +
	"\x00\xfe\x54\x00\xfe\x61\x00\xfe\x63\x00\xfe\x63\x00\xfe\x68\x00\xfe\x68\x00\xfe\x6a\x00\xfe\x6b\x00\xff\x01\x00\xff\x03\x00\xff\x05\x00\xff\x0a\x00\xff\x0c\x00\xff\x0f\x00\xff\x1a\x00\xff\x1b" +
	"\x00\xff\x1f\x00\xff\x20\x00\xff\x3b\x00\xff\x3d\x00\xff\x3f\x00\xff\x3f\x00\xff\x5b\x00\xff\x5b\x00\xff\x5d\x00\xff\x5d\x00\xff\x5f\x00\xff\x65\x01\x01\x00\x01\x01\x02\x01\x03\x9f\x01\x03\x9f" +
	"\x01\x03\xd0\x01\x03\xd0\x01\x05\x6f\x01\x05\x6f\x01\x08\x57\x01\x08\x57\x01\x09\x1f\x01\x09\x1f\x01\x09\x3f\x01\x09\x3f\x01\x0a\x50\x01\x0a\x58\x01\x0a\x7f\x01\x0a\x7f\x01\x0a\xf0\x01\x0a\xf6" +
	"\x01\x0b\x39\x01\x0b\x3f\x01\x0b\x99\x01\x0b\x9c\x01\x0d\x6e\x01\x0d\x6e\x01\x0e\xad\x01\x0e\xad\x01\x0e\xd0\x01\x0e\xd0\x01\x0f\x55\x01\x0f\x59\x01\x0f\x86\x01\x0f\x89\x01\x10\x47\x01\x10\x4d" +
	"\x01\x10\xbb\x01\x10\xbc\x01\x10\xbe\x01\x10\xc1\x01\x11\x40\x01\x11\x43\x01\x11\x74\x01\x11\x75\x01\x11\xc5\x01\x11\xc8\x01\x11\xcd\x01\x11\xcd\x01\x11\xdb\x01\x11\xdb\x01\x11\xdd\x01\x11\xdf" +
	"\x01\x12\x38\x01\x12\x3d\x01\x12\xa9\x01\x12\xa9\x01\x13\xd4\x01\x13\xd5\x01\x13\xd7\x01\x13\xd8\x01\x14\x4b\x01\x14\x4f\x01\x14\x5a\x01\x14\x5b\x01\x14\x5d\x01\x14\x5d\x01\x14\xc6\x01\x14\xc6" +
	"\x01\x15\xc1\x01\x15\xd7\x01\x16\x41\x01\x16\x43\x01\x16\x60\x01\x16\x6c\x01\x16\xb9\x01\x16\xb9\x01\x17\x3c\x01\x17\x3e\x01\x18\x3b\x01\x18\x3b\x01\x19\x44\x01\x19\x46\x01\x19\xe2\x01\x19\xe2" +
	"\x01\x1a\x3f\x01\x1a\x46\x01\x1a\x9a\x01\x1a\x9c\x01\x1a\x9e\x01\x1a\xa2\x01\x1b\x00\x01\x1b\x09\x01\x1b\xe1\x01\x1b\xe1\x01\x1c\x41\x01\x1c\x45\x01\x1c\x70\x01\x1c\x71\x01\x1e\xf7\x01\x1e\xf8" +
	"\x01\x1f\x43\x01\x1f\x4f\x01\x1f\xff\x01\x1f\xff\x01\x24\x70\x01\x24\x74\x01\x2f\xf1\x01\x2f\xf2\x01\x6a\x6e\x01\x6a\x6f\x01\x6a\xf5\x01\x6a\xf5\x01\x6b\x37\x01\x6b\x3b\x01\x6b\x44\x01\x6b\x44" +
	"\x01\x6d\x6d\x01\x6d\x6f\x01\x6e\x97\x01\x6e\x9a\x01\x6f\xe2\x01\x6f\xe2\x01\xbc\x9f\x01\xbc\x9f\x01\xda\x87\x01\xda\x8b\x01\xe5\xff\x01\xe5\xff\x01\xe9\x5e\x01\xe9\x5f" +
	""

const symbolTable = "" +
	"\x00\x00\x24\x00\x00\x24\x00\x00\x2b\x00\x00\x2b\x00\x00\x3c\x00\x00\x3e\x00\x00\x5e\x00\x00\x5e\x00\x00\x60\x00\x00\x60\x00\x00\x7c\x00\x00\x7c\x00\x00\x7e\x00\x00\x7e\x00\x00\xa2\x00\x00\xa6" +
	"\x00\x00\xa8\x00\x00\xa9\x00\x00\xac\x00\x00\xac\x00\x00\xae\x00\x00\xb1\x00\x00\xb4\x00\x00\xb4\x00\x00\xb8\x00\x00\xb8\x00\x00\xd7\x00\x00\xd7\x00\x00\xf7\x00\x00\xf7\x00\x02\xc2\x00\x02\xc5" +
	"\x00\x02\xd2\x00\x02\xdf\x00\x02\xe5\x00\x02\xeb\x00\x02\xed\x00\x02\xed\x00\x02\xef\x00\x02\xff\x00\x03\x75\x00\x03\x75\x00\x03\x84\x00\x03\x85\x00\x03\xf6\x00\x03\xf6\x00\x04\x82\x00\x04\x82" +
	"\x00\x05\x8d\x00\x05\x8f\x00\x06\x06\x00\x06\x08\x00\x06\x0b\x00\x06\x0b\x00\x06\x0e\x00\x06\x0f\x00\x06\xde\x00\x06\xde\x00\x06\xe9\x00\x06\xe9\x00\x06\xfd\x00\x06\xfe\x00\x07\xf6\x00\x07\xf6" +
	"\x00\x07\xfe\x00\x07\xff\x00\x08\x88\x00\x08\x88\x00\x09\xf2\x00\x09\xf3\x00\x09\xfa\x00\x09\xfb\x00\x0a\xf1\x00\x0a\xf1\x00\x0b\x70\x00\x0b\x70\x00\x0b\xf3\x00\x0b\xfa\x00\x0c\x7f\x00\x0c\x7f" +
	"\x00\x0d\x4f\x00\x0d\x4f\x00\x0d\x79\x00\x0d\x79\x00\x0e\x3f\x00\x0e\x3f\x00\x0f\x01\x00\x0f\x03\x00\x0f\x13\x00\x0f\x13\x00\x0f\x15\x00\x0f\x17\x00\x0f\x1a\x00\x0f\x1f\x00\x0f\x34\x00\x0f\x34" +
	"\x00\x0f\x36\x00\x0f\x36\x00\x0f\x38\x00\x0f\x38\x00\x0f\xbe\x00\x0f\xc5\x00\x0f\xc7\x00\x0f\xcc\x00\x0f\xce\x00\x0f\xcf\x00\x0f\xd5\x00\x0f\xd8\x00\x10\x9e\x00\x10\x9f\x00\x13\x90\x00\x13\x99" +
	"\x00\x16\x6d\x00\x16\x6d\x00\x17\xdb\x00\x17\xdb\x00\x19\x40\x00\x19\x40\x00\x19\xde\x00\x19\xff\x00\x1b\x61\x00\x1b\x6a\x00\x1b\x74\x00\x1b\x7c\x00\x1f\xbd\x00\x1f\xbd\x00\x1f\xbf\x00\x1f\xc1" +
	"\x00\x1f\xcd\x00\x1f\xcf\x00\x1f\xdd\x00\x1f\xdf\x00\x1f\xed\x00\x1f\xef\x00\x1f\xfd\x00\x1f\xfe\x00\x20\x44\x00\x20\x44\x00\x20\x52\x00\x20\x52\x00\x20\x7a\x00\x20\x7c\x00\x20\x8a\x00\x20\x8c" +
	"\x00\x20\xa0\x00\x20\xc1\x00\x21\x00\x00\x21\x01\x00\x21\x03\x00\x21\x06\x00\x21\x08\x00\x21\x09\x00\x21\x14\x00\x21\x14\x00\x21\x16\x00\x21\x18\x00\x21\x1e\x00\x21\x23\x00\x21\x25\x00\x21\x25" +
	"\x00\x21\x27\x00\x21\x27\x00\x21\x29\x00\x21\x29\x00\x21\x2e\x00\x21\x2e\x00\x21\x3a\x00\x21\x3b\x00\x21\x40\x00\x21\x44\x00\x21\x4a\x00\x21\x4d\x00\x21\x4f\x00\x21\x4f\x00\x21\x8a\x00\x21\x8b" +
	"\x00\x21\x90\x00\x23\x07\x00\x23\x0c\x00\x23\x28\x00\x23\x2b\x00\x24\x29\x00\x24\x40\x00\x24\x4a\x00\x24\x9c\x00\x24\xe9\x00\x25\x00\x00\x27\x67\x00\x27\x94\x00\x27\xc4\x00\x27\xc7\x00\x27\xe5" +
	"\x00\x27\xf0\x00\x29\x82\x00\x29\x99\x00\x29\xd7\x00\x29\xdc\x00\x29\xfb\x00\x29\xfe\x00\x2b\x73\x00\x2b\x76\x00\x2b\xff\x00\x2c\xe5\x00\x2c\xea\x00\x2e\x50\x00\x2e\x51\x00\x2e\x80\x00\x2e\x99" +
	"\x00\x2e\x9b\x00\x2e\xf3\x00\x2f\x00\x00\x2f\xd5\x00\x2f\xf0\x00\x2f\xff\x00\x30\x04\x00\x30\x04\x00\x30\x12\x00\x30\x13\x00\x30\x20\x00\x30\x20\x00\x30\x36\x00\x30\x37\x00\x30\x3e\x00\x30\x3f" +
	"\x00\x30\x9b\x00\x30\x9c\x00\x31\x90\x00\x31\x91\x00\x31\x96\x00\x31\x9f\x00\x31\xc0\x00\x31\xe5\x00\x31\xef\x00\x31\xef\x00\x32\x00\x00\x32\x1e\x00\x32\x2a\x00\x32\x47\x00\x32\x50\x00\x32\x50" +
	"\x00\x32\x60\x00\x32\x7f\x00\x32\x8a\x00\x32\xb0\x00\x32\xc0\x00\x33\xff\x00\x4d\xc0\x00\x4d\xff\x00\xa4\x90\x00\xa4\xc6\x00\xa7\x00\x00\xa7\x16\x00\xa7\x20\x00\xa7\x21\x00\xa7\x89\x00\xa7\x8a" +
	"\x00\xa8\x28\x00\xa8\x2b\x00\xa8\x36\x00\xa8\x39\x00\xaa\x77\x00\xaa\x79\x00\xab\x5b\x00\xab\x5b\x00\xab\x6a\x00\xab\x6b\x00\xfb\x29\x00\xfb\x29\x00\xfb\xb2\x00\xfb\xd2\x00\xfd\x40\x00\xfd\x4f" +
	"\x00\xfd\x90\x00\xfd\x91\x00\xfd\xc8\x00\xfd\xcf\x00\xfd\xfc\x00\xfd\xff\x00\xfe\x62\x00\xfe\x62\x00\xfe\x64\x00\xfe\x66\x00\xfe\x69\x00\xfe\x69\x00\xff\x04\x00\xff\x04\x00\xff\x0b\x00\xff\x0b" +
	"\x00\xff\x1c\x00\xff\x1e\x00\xff\x3e\x00\xff\x3e\x00\xff\x40\x00\xff\x40\x00\xff\x5c\x00\xff\x5c\x00\xff\x5e\x00\xff\x5e\x00\xff\xe0\x00\xff\xe6\x00\xff\xe8\x00\xff\xee\x00\xff\xfc\x00\xff\xfd" +
	"\x01\x01\x37\x01\x01\x3f\x01\x01\x79\x01\x01\x89\x01\x01\x8c\x01\x01\x8e\x01\x01\x90\x01\x01\x9c\x01\x01\xa0\x01\x01\xa0\x01\x01\xd0\x01\x01\xfc\x01\x08\x77\x01\x08\x78\x01\x0a\xc8\x01\x0a\xc8" +
	"\x01\x0d\x8e\x01\x0d\x8f\x01\x0e\xd1\x01\x0e\xd8\x01\x17\x3f\x01\x17\x3f\x01\x1f\xd5\x01\x1f\xf1\x01\x6b\x3c\x01\x6b\x3f\x01\x6b\x45\x01\x6b\x45\x01\xbc\x9c\x01\xbc\x9c\x01\xcc\x00\x01\xcc\xef" +
	"\x01\xcc\xfa\x01\xcc\xfc\x01\xcd\x00\x01\xce\xb3\x01\xce\xba\x01\xce\xd0\x01\xce\xe0\x01\xce\xf0\x01\xcf\x50\x01\xcf\xc3\x01\xd0\x00\x01\xd0\xf5\x01\xd1\x00\x01\xd1\x26\x01\xd1\x29\x01\xd1\x64" +
	"\x01\xd1\x6a\x01\xd1\x6c\x01\xd1\x83\x01\xd1\x84\x01\xd1\x8c\x01\xd1\xa9\x01\xd1\xae\x01\xd1\xea\x01\xd2\x00\x01\xd2\x41\x01\xd2\x45\x01\xd2\x45\x01\xd3\x00\x01\xd3\x56\x01\xd6\xc1\x01\xd6\xc1" +
	"\x01\xd6\xdb\x01\xd6\xdb\x01\xd6\xfb\x01\xd6\xfb\x01\xd7\x15\x01\xd7\x15\x01\xd7\x35\x01\xd7\x35\x01\xd7\x4f\x01\xd7\x4f\x01\xd7\x6f\x01\xd7\x6f\x01\xd7\x89\x01\xd7\x89\x01\xd7\xa9\x01\xd7\xa9" +
	"\x01\xd7\xc3\x01\xd7\xc3\x01\xd8\x00\x01\xd9\xff\x01\xda\x37\x01\xda\x3a\x01\xda\x6d\x01\xda\x74\x01\xda\x76\x01\xda\x83\x01\xda\x85\x01\xda\x86\x01\xe1\x4f\x01\xe1\x4f\x01\xe2\xff\x01\xe2\xff" +
	"\x01\xec\xac\x01\xec\xac\x01\xec\xb0\x01\xec\xb0\x01\xed\x2e\x01\xed\x2e\x01\xee\xf0\x01\xee\xf1\x01\xf0\x00\x01\xf0\x2b\x01\xf0\x30\x01\xf0\x93\x01\xf0\xa0\x01\xf0\xae\x01\xf0\xb1\x01\xf0\xbf" +
	"\x01\xf0\xc1\x01\xf0\xcf\x01\xf0\xd1\x01\xf0\xf5\x01\xf1\x0d\x01\xf1\xad\x01\xf1\xe6\x01\xf2\x02\x01\xf2\x10\x01\xf2\x3b\x01\xf2\x40\x01\xf2\x48\x01\xf2\x50\x01\xf2\x51\x01\xf2\x60\x01\xf2\x65" +
	"\x01\xf3\x00\x01\xf6\xd8\x01\xf6\xdc\x01\xf6\xec\x01\xf6\xf0\x01\xf6\xfc\x01\xf7\x00\x01\xf7\xd9\x01\xf7\xe0\x01\xf7\xeb\x01\xf7\xf0\x01\xf7\xf0\x01\xf8\x00\x01\xf8\x0b\x01\xf8\x10\x01\xf8\x47" +
	"\x01\xf8\x50\x01\xf8\x59\x01\xf8\x60\x01\xf8\x87\x01\xf8\x90\x01\xf8\xad\x01\xf8\xb0\x01\xf8\xbb\x01\xf8\xc0\x01\xf8\xc1\x01\xf8\xd0\x01\xf8\xd8\x01\xf9\x00\x01\xfa\x57\x01\xfa\x60\x01\xfa\x6d" +
	"\x01\xfa\x70\x01\xfa\x7c\x01\xfa\x80\x01\xfa\x8a\x01\xfa\x8e\x01\xfa\xc6\x01\xfa\xc8\x01\xfa\xc8\x01\xfa\xcd\x01\xfa\xdc\x01\xfa\xdf\x01\xfa\xea\x01\xfa\xef\x01\xfa\xf8\x01\xfb\x00\x01\xfb\x92" +
	"\x01\xfb\x94\x01\xfb\xef\x01\xfb\xfa\x01\xfb\xfa" +
	""

const markTable = "" +
	"\x00\x03\x00\x00\x03\x6f\x00\x04\x83\x00\x04\x89\x00\x05\x91\x00\x05\xbd\x00\x05\xbf\x00\x05\xbf\x00\x05\xc1\x00\x05\xc2\x00\x05\xc4\x00\x05\xc5\x00\x05\xc7\x00\x05\xc7\x00\x06\x10\x00\x06\x1a" +
	"\x00\x06\x4b\x00\x06\x5f\x00\x06\x70\x00\x06\x70\x00\x06\xd6\x00\x06\xdc\x00\x06\xdf\x00\x06\xe4\x00\x06\xe7\x00\x06\xe8\x00\x06\xea\x00\x06\xed\x00\x07\x11\x00\x07\x11\x00\x07\x30\x00\x07\x4a" +
	"\x00\x07\xa6\x00\x07\xb0\x00\x07\xeb\x00\x07\xf3\x00\x07\xfd\x00\x07\xfd\x00\x08\x16\x00\x08\x19\x00\x08\x1b\x00\x08\x23\x00\x08\x25\x00\x08\x27\x00\x08\x29\x00\x08\x2d\x00\x08\x59\x00\x08\x5b" +
	"\x00\x08\x97\x00\x08\x9f\x00\x08\xca\x00\x08\xe1\x00\x08\xe3\x00\x09\x03\x00\x09\x3a\x00\x09\x3c\x00\x09\x3e\x00\x09\x4f\x00\x09\x51\x00\x09\x57\x00\x09\x62\x00\x09\x63\x00\x09\x81\x00\x09\x83" +
	"\x00\x09\xbc\x00\x09\xbc\x00\x09\xbe\x00\x09\xc4\x00\x09\xc7\x00\x09\xc8\x00\x09\xcb\x00\x09\xcd\x00\x09\xd7\x00\x09\xd7\x00\x09\xe2\x00\x09\xe3\x00\x09\xfe\x00\x09\xfe\x00\x0a\x01\x00\x0a\x03" +
	"\x00\x0a\x3c\x00\x0a\x3c\x00\x0a\x3e\x00\x0a\x42\x00\x0a\x47\x00\x0a\x48\x00\x0a\x4b\x00\x0a\x4d\x00\x0a\x51\x00\x0a\x51\x00\x0a\x70\x00\x0a\x71\x00\x0a\x75\x00\x0a\x75\x00\x0a\x81\x00\x0a\x83" +
	"\x00\x0a\xbc\x00\x0a\xbc\x00\x0a\xbe\x00\x0a\xc5\x00\x0a\xc7\x00\x0a\xc9\x00\x0a\xcb\x00\x0a\xcd\x00\x0a\xe2\x00\x0a\xe3\x00\x0a\xfa\x00\x0a\xff\x00\x0b\x01\x00\x0b\x03\x00\x0b\x3c\x00\x0b\x3c" +
	"\x00\x0b\x3e\x00\x0b\x44\x00\x0b\x47\x00\x0b\x48\x00\x0b\x4b\x00\x0b\x4d\x00\x0b\x55\x00\x0b\x57\x00\x0b\x62\x00\x0b\x63\x00\x0b\x82\x00\x0b\x82\x00\x0b\xbe\x00\x0b\xc2\x00\x0b\xc6\x00\x0b\xc8" +
	"\x00\x0b\xca\x00\x0b\xcd\x00\x0b\xd7\x00\x0b\xd7\x00\x0c\x00\x00\x0c\x04\x00\x0c\x3c\x00\x0c\x3c\x00\x0c\x3e\x00\x0c\x44\x00\x0c\x46\x00\x0c\x48\x00\x0c\x4a\x00\x0c\x4d\x00\x0c\x55\x00\x0c\x56" +
	"\x00\x0c\x62\x00\x0c\x63\x00\x0c\x81\x00\x0c\x83\x00\x0c\xbc\x00\x0c\xbc\x00\x0c\xbe\x00\x0c\xc4\x00\x0c\xc6\x00\x0c\xc8\x00\x0c\xca\x00\x0c\xcd\x00\x0c\xd5\x00\x0c\xd6\x00\x0c\xe2\x00\x0c\xe3" +
	"\x00\x0c\xf3\x00\x0c\xf3\x00\x0d\x00\x00\x0d\x03\x00\x0d\x3b\x00\x0d\x3c\x00\x0d\x3e\x00\x0d\x44\x00\x0d\x46\x00\x0d\x48\x00\x0d\x4a\x00\x0d\x4d\x00\x0d\x57\x00\x0d\x57\x00\x0d\x62\x00\x0d\x63" +
	"\x00\x0d\x81\x00\x0d\x83\x00\x0d\xca\x00\x0d\xca\x00\x0d\xcf\x00\x0d\xd4\x00\x0d\xd6\x00\x0d\xd6\x00\x0d\xd8\x00\x0d\xdf\x00\x0d\xf2\x00\x0d\xf3\x00\x0e\x31\x00\x0e\x31\x00\x0e\x34\x00\x0e\x3a" +
	"\x00\x0e\x47\x00\x0e\x4e\x00\x0e\xb1\x00\x0e\xb1\x00\x0e\xb4\x00\x0e\xbc\x00\x0e\xc8\x00\x0e\xce\x00\x0f\x18\x00\x0f\x19\x00\x0f\x35\x00\x0f\x35\x00\x0f\x37\x00\x0f\x37\x00\x0f\x39\x00\x0f\x39" +
	"\x00\x0f\x3e\x00\x0f\x3f\x00\x0f\x71\x00\x0f\x84\x00\x0f\x86\x00\x0f\x87\x00\x0f\x8d\x00\x0f\x97\x00\x0f\x99\x00\x0f\xbc\x00\x0f\xc6\x00\x0f\xc6\x00\x10\x2b\x00\x10\x3e\x00\x10\x56\x00\x10\x59" +
	"\x00\x10\x5e\x00\x10\x60\x00\x10\x62\x00\x10\x64\x00\x10\x67\x00\x10\x6d\x00\x10\x71\x00\x10\x74\x00\x10\x82\x00\x10\x8d\x00\x10\x8f\x00\x10\x8f\x00\x10\x9a\x00\x10\x9d\x00\x13\x5d\x00\x13\x5f" +
	"\x00\x17\x12\x00\x17\x15\x00\x17\x32\x00\x17\x34\x00\x17\x52\x00\x17\x53\x00\x17\x72\x00\x17\x73\x00\x17\xb4\x00\x17\xd3\x00\x17\xdd\x00\x17\xdd\x00\x18\x0b\x00\x18\x0d\x00\x18\x0f\x00\x18\x0f" +
	"\x00\x18\x85\x00\x18\x86\x00\x18\xa9\x00\x18\xa9\x00\x19\x20\x00\x19\x2b\x00\x19\x30\x00\x19\x3b\x00\x1a\x17\x00\x1a\x1b\x00\x1a\x55\x00\x1a\x5e\x00\x1a\x60\x00\x1a\x7c\x00\x1a\x7f\x00\x1a\x7f" +
	"\x00\x1a\xb0\x00\x1a\xdd\x00\x1a\xe0\x00\x1a\xeb\x00\x1b\x00\x00\x1b\x04\x00\x1b\x34\x00\x1b\x44\x00\x1b\x6b\x00\x1b\x73\x00\x1b\x80\x00\x1b\x82\x00\x1b\xa1\x00\x1b\xad\x00\x1b\xe6\x00\x1b\xf3" +
	"\x00\x1c\x24\x00\x1c\x37\x00\x1c\xd0\x00\x1c\xd2\x00\x1c\xd4\x00\x1c\xe8\x00\x1c\xed\x00\x1c\xed\x00\x1c\xf4\x00\x1c\xf4\x00\x1c\xf7\x00\x1c\xf9\x00\x1d\xc0\x00\x1d\xff\x00\x20\xd0\x00\x20\xf0" +
	"\x00\x2c\xef\x00\x2c\xf1\x00\x2d\x7f\x00\x2d\x7f\x00\x2d\xe0\x00\x2d\xff\x00\x30\x2a\x00\x30\x2f\x00\x30\x99\x00\x30\x9a\x00\xa6\x6f\x00\xa6\x72\x00\xa6\x74\x00\xa6\x7d\x00\xa6\x9e\x00\xa6\x9f" +
	"\x00\xa6\xf0\x00\xa6\xf1\x00\xa8\x02\x00\xa8\x02\x00\xa8\x06\x00\xa8\x06\x00\xa8\x0b\x00\xa8\x0b\x00\xa8\x23\x00\xa8\x27\x00\xa8\x2c\x00\xa8\x2c\x00\xa8\x80\x00\xa8\x81\x00\xa8\xb4\x00\xa8\xc5" +
	"\x00\xa8\xe0\x00\xa8\xf1\x00\xa8\xff\x00\xa8\xff\x00\xa9\x26\x00\xa9\x2d\x00\xa9\x47\x00\xa9\x53\x00\xa9\x80\x00\xa9\x83\x00\xa9\xb3\x00\xa9\xc0\x00\xa9\xe5\x00\xa9\xe5\x00\xaa\x29\x00\xaa\x36" +
	"\x00\xaa\x43\x00\xaa\x43\x00\xaa\x4c\x00\xaa\x4d\x00\xaa\x7b\x00\xaa\x7d\x00\xaa\xb0\x00\xaa\xb0\x00\xaa\xb2\x00\xaa\xb4\x00\xaa\xb7\x00\xaa\xb8\x00\xaa\xbe\x00\xaa\xbf\x00\xaa\xc1\x00\xaa\xc1" +
	"\x00\xaa\xeb\x00\xaa\xef\x00\xaa\xf5\x00\xaa\xf6\x00\xab\xe3\x00\xab\xea\x00\xab\xec\x00\xab\xed\x00\xfb\x1e\x00\xfb\x1e\x00\xfe\x00\x00\xfe\x0f\x00\xfe\x20\x00\xfe\x2f\x01\x01\xfd\x01\x01\xfd" +
	"\x01\x02\xe0\x01\x02\xe0\x01\x03\x76\x01\x03\x7a\x01\x0a\x01\x01\x0a\x03\x01\x0a\x05\x01\x0a\x06\x01\x0a\x0c\x01\x0a\x0f\x01\x0a\x38\x01\x0a\x3a\x01\x0a\x3f\x01\x0a\x3f\x01\x0a\xe5\x01\x0a\xe6" +
	"\x01\x0d\x24\x01\x0d\x27\x01\x0d\x69\x01\x0d\x6d\x01\x0e\xab\x01\x0e\xac\x01\x0e\xfa\x01\x0e\xff\x01\x0f\x46\x01\x0f\x50\x01\x0f\x82\x01\x0f\x85\x01\x10\x00\x01\x10\x02\x01\x10\x38\x01\x10\x46" +
	"\x01\x10\x70\x01\x10\x70\x01\x10\x73\x01\x10\x74\x01\x10\x7f\x01\x10\x82\x01\x10\xb0\x01\x10\xba\x01\x10\xc2\x01\x10\xc2\x01\x11\x00\x01\x11\x02\x01\x11\x27\x01\x11\x34\x01\x11\x45\x01\x11\x46" +
	"\x01\x11\x73\x01\x11\x73\x01\x11\x80\x01\x11\x82\x01\x11\xb3\x01\x11\xc0\x01\x11\xc9\x01\x11\xcc\x01\x11\xce\x01\x11\xcf\x01\x12\x2c\x01\x12\x37\x01\x12\x3e\x01\x12\x3e\x01\x12\x41\x01\x12\x41" +
	"\x01\x12\xdf\x01\x12\xea\x01\x13\x00\x01\x13\x03\x01\x13\x3b\x01\x13\x3c\x01\x13\x3e\x01\x13\x44\x01\x13\x47\x01\x13\x48\x01\x13\x4b\x01\x13\x4d\x01\x13\x57\x01\x13\x57\x01\x13\x62\x01\x13\x63" +
	"\x01\x13\x66\x01\x13\x6c\x01\x13\x70\x01\x13\x74\x01\x13\xb8\x01\x13\xc0\x01\x13\xc2\x01\x13\xc2\x01\x13\xc5\x01\x13\xc5\x01\x13\xc7\x01\x13\xca\x01\x13\xcc\x01\x13\xd0\x01\x13\xd2\x01\x13\xd2" +
	"\x01\x13\xe1\x01\x13\xe2\x01\x14\x35\x01\x14\x46\x01\x14\x5e\x01\x14\x5e\x01\x14\xb0\x01\x14\xc3\x01\x15\xaf\x01\x15\xb5\x01\x15\xb8\x01\x15\xc0\x01\x15\xdc\x01\x15\xdd\x01\x16\x30\x01\x16\x40" +
	"\x01\x16\xab\x01\x16\xb7\x01\x17\x1d\x01\x17\x2b\x01\x18\x2c\x01\x18\x3a\x01\x19\x30\x01\x19\x35\x01\x19\x37\x01\x19\x38\x01\x19\x3b\x01\x19\x3e\x01\x19\x40\x01\x19\x40\x01\x19\x42\x01\x19\x43" +
	"\x01\x19\xd1\x01\x19\xd7\x01\x19\xda\x01\x19\xe0\x01\x19\xe4\x01\x19\xe4\x01\x1a\x01\x01\x1a\x0a\x01\x1a\x33\x01\x1a\x39\x01\x1a\x3b\x01\x1a\x3e\x01\x1a\x47\x01\x1a\x47\x01\x1a\x51\x01\x1a\x5b" +
	"\x01\x1a\x8a\x01\x1a\x99\x01\x1b\x60\x01\x1b\x67\x01\x1c\x2f\x01\x1c\x36\x01\x1c\x38\x01\x1c\x3f\x01\x1c\x92\x01\x1c\xa7\x01\x1c\xa9\x01\x1c\xb6\x01\x1d\x31\x01\x1d\x36\x01\x1d\x3a\x01\x1d\x3a" +
	"\x01\x1d\x3c\x01\x1d\x3d\x01\x1d\x3f\x01\x1d\x45\x01\x1d\x47\x01\x1d\x47\x01\x1d\x8a\x01\x1d\x8e\x01\x1d\x90\x01\x1d\x91\x01\x1d\x93\x01\x1d\x97\x01\x1e\xf3\x01\x1e\xf6\x01\x1f\x00\x01\x1f\x01" +
	"\x01\x1f\x03\x01\x1f\x03\x01\x1f\x34\x01\x1f\x3a\x01\x1f\x3e\x01\x1f\x42\x01\x1f\x5a\x01\x1f\x5a\x01\x34\x40\x01\x34\x40\x01\x34\x47\x01\x34\x55\x01\x61\x1e\x01\x61\x2f\x01\x6a\xf0\x01\x6a\xf4" +
	"\x01\x6b\x30\x01\x6b\x36\x01\x6f\x4f\x01\x6f\x4f\x01\x6f\x51\x01\x6f\x87\x01\x6f\x8f\x01\x6f\x92\x01\x6f\xe4\x01\x6f\xe4\x01\x6f\xf0\x01\x6f\xf1\x01\xbc\x9d\x01\xbc\x9e\x01\xcf\x00\x01\xcf\x2d" +
	"\x01\xcf\x30\x01\xcf\x46\x01\xd1\x65\x01\xd1\x69\x01\xd1\x6d\x01\xd1\x72\x01\xd1\x7b\x01\xd1\x82\x01\xd1\x85\x01\xd1\x8b\x01\xd1\xaa\x01\xd1\xad\x01\xd2\x42\x01\xd2\x44\x01\xda\x00\x01\xda\x36" +
	"\x01\xda\x3b\x01\xda\x6c\x01\xda\x75\x01\xda\x75\x01\xda\x84\x01\xda\x84\x01\xda\x9b\x01\xda\x9f\x01\xda\xa1\x01\xda\xaf\x01\xe0\x00\x01\xe0\x06\x01\xe0\x08\x01\xe0\x18\x01\xe0\x1b\x01\xe0\x21" +
	"\x01\xe0\x23\x01\xe0\x24\x01\xe0\x26\x01\xe0\x2a\x01\xe0\x8f\x01\xe0\x8f\x01\xe1\x30\x01\xe1\x36\x01\xe2\xae\x01\xe2\xae\x01\xe2\xec\x01\xe2\xef\x01\xe4\xec\x01\xe4\xef\x01\xe5\xee\x01\xe5\xef" +
	"\x01\xe6\xe3\x01\xe6\xe3\x01\xe6\xe6\x01\xe6\xe6\x01\xe6\xee\x01\xe6\xef\x01\xe6\xf5\x01\xe6\xf5\x01\xe8\xd0\x01\xe8\xd6\x01\xe9\x44\x01\xe9\x4a\x0e\x01\x00\x0e\x01\xef" +
	""

const controlTable = "" +
	"\x00\x00\x00\x00\x00\x1f\x00\x00\x7f\x00\x00\x9f" +
	""

const printTable = "" +
	"\x00\x00\x20\x00\x00\x7e\x00\x00\xa1\x00\x00\xac\x00\x00\xae\x00\x03\x77\x00\x03\x7a\x00\x03\x7f\x00\x03\x84\x00\x03\x8a\x00\x03\x8c\x00\x03\x8c\x00\x03\x8e\x00\x03\xa1\x00\x03\xa3\x00\x05\x2f" +
	"\x00\x05\x31\x00\x05\x56\x00\x05\x59\x00\x05\x8a\x00\x05\x8d\x00\x05\x8f\x00\x05\x91\x00\x05\xc7\x00\x05\xd0\x00\x05\xea\x00\x05\xef\x00\x05\xf4\x00\x06\x06\x00\x06\x1b\x00\x06\x1d\x00\x06\xdc" +
	"\x00\x06\xde\x00\x07\x0d\x00\x07\x10\x00\x07\x4a\x00\x07\x4d\x00\x07\xb1\x00\x07\xc0\x00\x07\xfa\x00\x07\xfd\x00\x08\x2d\x00\x08\x30\x00\x08\x3e\x00\x08\x40\x00\x08\x5b\x00\x08\x5e\x00\x08\x5e" +
	"\x00\x08\x60\x00\x08\x6a\x00\x08\x70\x00\x08\x8f\x00\x08\x97\x00\x08\xe1\x00\x08\xe3\x00\x09\x83\x00\x09\x85\x00\x09\x8c\x00\x09\x8f\x00\x09\x90\x00\x09\x93\x00\x09\xa8\x00\x09\xaa\x00\x09\xb0" +
	"\x00\x09\xb2\x00\x09\xb2\x00\x09\xb6\x00\x09\xb9\x00\x09\xbc\x00\x09\xc4\x00\x09\xc7\x00\x09\xc8\x00\x09\xcb\x00\x09\xce\x00\x09\xd7\x00\x09\xd7\x00\x09\xdc\x00\x09\xdd\x00\x09\xdf\x00\x09\xe3" +
	"\x00\x09\xe6\x00\x09\xfe\x00\x0a\x01\x00\x0a\x03\x00\x0a\x05\x00\x0a\x0a\x00\x0a\x0f\x00\x0a\x10\x00\x0a\x13\x00\x0a\x28\x00\x0a\x2a\x00\x0a\x30\x00\x0a\x32\x00\x0a\x33\x00\x0a\x35\x00\x0a\x36" +
	"\x00\x0a\x38\x00\x0a\x39\x00\x0a\x3c\x00\x0a\x3c\x00\x0a\x3e\x00\x0a\x42\x00\x0a\x47\x00\x0a\x48\x00\x0a\x4b\x00\x0a\x4d\x00\x0a\x51\x00\x0a\x51\x00\x0a\x59\x00\x0a\x5c\x00\x0a\x5e\x00\x0a\x5e" +
	"\x00\x0a\x66\x00\x0a\x76\x00\x0a\x81\x00\x0a\x83\x00\x0a\x85\x00\x0a\x8d\x00\x0a\x8f\x00\x0a\x91\x00\x0a\x93\x00\x0a\xa8\x00\x0a\xaa\x00\x0a\xb0\x00\x0a\xb2\x00\x0a\xb3\x00\x0a\xb5\x00\x0a\xb9" +
	"\x00\x0a\xbc\x00\x0a\xc5\x00\x0a\xc7\x00\x0a\xc9\x00\x0a\xcb\x00\x0a\xcd\x00\x0a\xd0\x00\x0a\xd0\x00\x0a\xe0\x00\x0a\xe3\x00\x0a\xe6\x00\x0a\xf1\x00\x0a\xf9\x00\x0a\xff\x00\x0b\x01\x00\x0b\x03" +
	"\x00\x0b\x05\x00\x0b\x0c\x00\x0b\x0f\x00\x0b\x10\x00\x0b\x13\x00\x0b\x28\x00\x0b\x2a\x00\x0b\x30\x00\x0b\x32\x00\x0b\x33\x00\x0b\x35\x00\x0b\x39\x00\x0b\x3c\x00\x0b\x44\x00\x0b\x47\x00\x0b\x48" +
	"\x00\x0b\x4b\x00\x0b\x4d\x00\x0b\x55\x00\x0b\x57\x00\x0b\x5c\x00\x0b\x5d\x00\x0b\x5f\x00\x0b\x63\x00\x0b\x66\x00\x0b\x77\x00\x0b\x82\x00\x0b\x83\x00\x0b\x85\x00\x0b\x8a\x00\x0b\x8e\x00\x0b\x90" +
	"\x00\x0b\x92\x00\x0b\x95\x00\x0b\x99\x00\x0b\x9a\x00\x0b\x9c\x00\x0b\x9c\x00\x0b\x9e\x00\x0b\x9f\x00\x0b\xa3\x00\x0b\xa4\x00\x0b\xa8\x00\x0b\xaa\x00\x0b\xae\x00\x0b\xb9\x00\x0b\xbe\x00\x0b\xc2" +
	"\x00\x0b\xc6\x00\x0b\xc8\x00\x0b\xca\x00\x0b\xcd\x00\x0b\xd0\x00\x0b\xd0\x00\x0b\xd7\x00\x0b\xd7\x00\x0b\xe6\x00\x0b\xfa\x00\x0c\x00\x00\x0c\x0c\x00\x0c\x0e\x00\x0c\x10\x00\x0c\x12\x00\x0c\x28" +
	"\x00\x0c\x2a\x00\x0c\x39\x00\x0c\x3c\x00\x0c\x44\x00\x0c\x46\x00\x0c\x48\x00\x0c\x4a\x00\x0c\x4d\x00\x0c\x55\x00\x0c\x56\x00\x0c\x58\x00\x0c\x5a\x00\x0c\x5c\x00\x0c\x5d\x00\x0c\x60\x00\x0c\x63" +
	"\x00\x0c\x66\x00\x0c\x6f\x00\x0c\x77\x00\x0c\x8c\x00\x0c\x8e\x00\x0c\x90\x00\x0c\x92\x00\x0c\xa8\x00\x0c\xaa\x00\x0c\xb3\x00\x0c\xb5\x00\x0c\xb9\x00\x0c\xbc\x00\x0c\xc4\x00\x0c\xc6\x00\x0c\xc8" +
	"\x00\x0c\xca\x00\x0c\xcd\x00\x0c\xd5\x00\x0c\xd6\x00\x0c\xdc\x00\x0c\xde\x00\x0c\xe0\x00\x0c\xe3\x00\x0c\xe6\x00\x0c\xef\x00\x0c\xf1\x00\x0c\xf3\x00\x0d\x00\x00\x0d\x0c\x00\x0d\x0e\x00\x0d\x10" +
	"\x00\x0d\x12\x00\x0d\x44\x00\x0d\x46\x00\x0d\x48\x00\x0d\x4a\x00\x0d\x4f\x00\x0d\x54\x00\x0d\x63\x00\x0d\x66\x00\x0d\x7f\x00\x0d\x81\x00\x0d\x83\x00\x0d\x85\x00\x0d\x96\x00\x0d\x9a\x00\x0d\xb1" +
	"\x00\x0d\xb3\x00\x0d\xbb\x00\x0d\xbd\x00\x0d\xbd\x00\x0d\xc0\x00\x0d\xc6\x00\x0d\xca\x00\x0d\xca\x00\x0d\xcf\x00\x0d\xd4\x00\x0d\xd6\x00\x0d\xd6\x00\x0d\xd8\x00\x0d\xdf\x00\x0d\xe6\x00\x0d\xef" +
	"\x00\x0d\xf2\x00\x0d\xf4\x00\x0e\x01\x00\x0e\x3a\x00\x0e\x3f\x00\x0e\x5b\x00\x0e\x81\x00\x0e\x82\x00\x0e\x84\x00\x0e\x84\x00\x0e\x86\x00\x0e\x8a\x00\x0e\x8c\x00\x0e\xa3\x00\x0e\xa5\x00\x0e\xa5" +
	"\x00\x0e\xa7\x00\x0e\xbd\x00\x0e\xc0\x00\x0e\xc4\x00\x0e\xc6\x00\x0e\xc6\x00\x0e\xc8\x00\x0e\xce\x00\x0e\xd0\x00\x0e\xd9\x00\x0e\xdc\x00\x0e\xdf\x00\x0f\x00\x00\x0f\x47\x00\x0f\x49\x00\x0f\x6c" +
	"\x00\x0f\x71\x00\x0f\x97\x00\x0f\x99\x00\x0f\xbc\x00\x0f\xbe\x00\x0f\xcc\x00\x0f\xce\x00\x0f\xda\x00\x10\x00\x00\x10\xc5\x00\x10\xc7\x00\x10\xc7\x00\x10\xcd\x00\x10\xcd\x00\x10\xd0\x00\x12\x48" +
	"\x00\x12\x4a\x00\x12\x4d\x00\x12\x50\x00\x12\x56\x00\x12\x58\x00\x12\x58\x00\x12\x5a\x00\x12\x5d\x00\x12\x60\x00\x12\x88\x00\x12\x8a\x00\x12\x8d\x00\x12\x90\x00\x12\xb0\x00\x12\xb2\x00\x12\xb5" +
	"\x00\x12\xb8\x00\x12\xbe\x00\x12\xc0\x00\x12\xc0\x00\x12\xc2\x00\x12\xc5\x00\x12\xc8\x00\x12\xd6\x00\x12\xd8\x00\x13\x10\x00\x13\x12\x00\x13\x15\x00\x13\x18\x00\x13\x5a\x00\x13\x5d\x00\x13\x7c" +
	"\x00\x13\x80\x00\x13\x99\x00\x13\xa0\x00\x13\xf5\x00\x13\xf8\x00\x13\xfd\x00\x14\x00\x00\x16\x7f\x00\x16\x81\x00\x16\x9c\x00\x16\xa0\x00\x16\xf8\x00\x17\x00\x00\x17\x15\x00\x17\x1f\x00\x17\x36" +
	"\x00\x17\x40\x00\x17\x53\x00\x17\x60\x00\x17\x6c\x00\x17\x6e\x00\x17\x70\x00\x17\x72\x00\x17\x73\x00\x17\x80\x00\x17\xdd\x00\x17\xe0\x00\x17\xe9\x00\x17\xf0\x00\x17\xf9\x00\x18\x00\x00\x18\x0d" +
	"\x00\x18\x0f\x00\x18\x19\x00\x18\x20\x00\x18\x78\x00\x18\x80\x00\x18\xaa\x00\x18\xb0\x00\x18\xf5\x00\x19\x00\x00\x19\x1e\x00\x19\x20\x00\x19\x2b\x00\x19\x30\x00\x19\x3b\x00\x19\x40\x00\x19\x40" +
	"\x00\x19\x44\x00\x19\x6d\x00\x19\x70\x00\x19\x74\x00\x19\x80\x00\x19\xab\x00\x19\xb0\x00\x19\xc9\x00\x19\xd0\x00\x19\xda\x00\x19\xde\x00\x1a\x1b\x00\x1a\x1e\x00\x1a\x5e\x00\x1a\x60\x00\x1a\x7c" +
	"\x00\x1a\x7f\x00\x1a\x89\x00\x1a\x90\x00\x1a\x99\x00\x1a\xa0\x00\x1a\xad\x00\x1a\xb0\x00\x1a\xdd\x00\x1a\xe0\x00\x1a\xeb\x00\x1b\x00\x00\x1b\x4c\x00\x1b\x4e\x00\x1b\xf3\x00\x1b\xfc\x00\x1c\x37" +
	"\x00\x1c\x3b\x00\x1c\x49\x00\x1c\x4d\x00\x1c\x8a\x00\x1c\x90\x00\x1c\xba\x00\x1c\xbd\x00\x1c\xc7\x00\x1c\xd0\x00\x1c\xfa\x00\x1d\x00\x00\x1f\x15\x00\x1f\x18\x00\x1f\x1d\x00\x1f\x20\x00\x1f\x45" +
	"\x00\x1f\x48\x00\x1f\x4d\x00\x1f\x50\x00\x1f\x57\x00\x1f\x59\x00\x1f\x59\x00\x1f\x5b\x00\x1f\x5b\x00\x1f\x5d\x00\x1f\x5d\x00\x1f\x5f\x00\x1f\x7d\x00\x1f\x80\x00\x1f\xb4\x00\x1f\xb6\x00\x1f\xc4" +
	"\x00\x1f\xc6\x00\x1f\xd3\x00\x1f\xd6\x00\x1f\xdb\x00\x1f\xdd\x00\x1f\xef\x00\x1f\xf2\x00\x1f\xf4\x00\x1f\xf6\x00\x1f\xfe\x00\x20\x10\x00\x20\x27\x00\x20\x30\x00\x20\x5e\x00\x20\x70\x00\x20\x71" +
	"\x00\x20\x74\x00\x20\x8e\x00\x20\x90\x00\x20\x9c\x00\x20\xa0\x00\x20\xc1\x00\x20\xd0\x00\x20\xf0\x00\x21\x00\x00\x21\x8b\x00\x21\x90\x00\x24\x29\x00\x24\x40\x00\x24\x4a\x00\x24\x60\x00\x2b\x73" +
	"\x00\x2b\x76\x00\x2c\xf3\x00\x2c\xf9\x00\x2d\x25\x00\x2d\x27\x00\x2d\x27\x00\x2d\x2d\x00\x2d\x2d\x00\x2d\x30\x00\x2d\x67\x00\x2d\x6f\x00\x2d\x70\x00\x2d\x7f\x00\x2d\x96\x00\x2d\xa0\x00\x2d\xa6" +
	"\x00\x2d\xa8\x00\x2d\xae\x00\x2d\xb0\x00\x2d\xb6\x00\x2d\xb8\x00\x2d\xbe\x00\x2d\xc0\x00\x2d\xc6\x00\x2d\xc8\x00\x2d\xce\x00\x2d\xd0\x00\x2d\xd6\x00\x2d\xd8\x00\x2d\xde\x00\x2d\xe0\x00\x2e\x5d" +
	"\x00\x2e\x80\x00\x2e\x99\x00\x2e\x9b\x00\x2e\xf3\x00\x2f\x00\x00\x2f\xd5\x00\x2f\xf0\x00\x2f\xff\x00\x30\x01\x00\x30\x3f\x00\x30\x41\x00\x30\x96\x00\x30\x99\x00\x30\xff\x00\x31\x05\x00\x31\x2f" +
	"\x00\x31\x31\x00\x31\x8e\x00\x31\x90\x00\x31\xe5\x00\x31\xef\x00\x32\x1e\x00\x32\x20\x00\xa4\x8c\x00\xa4\x90\x00\xa4\xc6\x00\xa4\xd0\x00\xa6\x2b\x00\xa6\x40\x00\xa6\xf7\x00\xa7\x00\x00\xa7\xdc" +
	"\x00\xa7\xf1\x00\xa8\x2c\x00\xa8\x30\x00\xa8\x39\x00\xa8\x40\x00\xa8\x77\x00\xa8\x80\x00\xa8\xc5\x00\xa8\xce\x00\xa8\xd9\x00\xa8\xe0\x00\xa9\x53\x00\xa9\x5f\x00\xa9\x7c\x00\xa9\x80\x00\xa9\xcd" +
	"\x00\xa9\xcf\x00\xa9\xd9\x00\xa9\xde\x00\xa9\xfe\x00\xaa\x00\x00\xaa\x36\x00\xaa\x40\x00\xaa\x4d\x00\xaa\x50\x00\xaa\x59\x00\xaa\x5c\x00\xaa\xc2\x00\xaa\xdb\x00\xaa\xf6\x00\xab\x01\x00\xab\x06" +
	"\x00\xab\x09\x00\xab\x0e\x00\xab\x11\x00\xab\x16\x00\xab\x20\x00\xab\x26\x00\xab\x28\x00\xab\x2e\x00\xab\x30\x00\xab\x6b\x00\xab\x70\x00\xab\xed\x00\xab\xf0\x00\xab\xf9\x00\xac\x00\x00\xd7\xa3" +
	"\x00\xd7\xb0\x00\xd7\xc6\x00\xd7\xcb\x00\xd7\xfb\x00\xf9\x00\x00\xfa\x6d\x00\xfa\x70\x00\xfa\xd9\x00\xfb\x00\x00\xfb\x06\x00\xfb\x13\x00\xfb\x17\x00\xfb\x1d\x00\xfb\x36\x00\xfb\x38\x00\xfb\x3c" +
	"\x00\xfb\x3e\x00\xfb\x3e\x00\xfb\x40\x00\xfb\x41\x00\xfb\x43\x00\xfb\x44\x00\xfb\x46\x00\xfd\xcf\x00\xfd\xf0\x00\xfe\x19\x00\xfe\x20\x00\xfe\x52\x00\xfe\x54\x00\xfe\x66\x00\xfe\x68\x00\xfe\x6b" +
	"\x00\xfe\x70\x00\xfe\x74\x00\xfe\x76\x00\xfe\xfc\x00\xff\x01\x00\xff\xbe\x00\xff\xc2\x00\xff\xc7\x00\xff\xca\x00\xff\xcf\x00\xff\xd2\x00\xff\xd7\x00\xff\xda\x00\xff\xdc\x00\xff\xe0\x00\xff\xe6" +
	"\x00\xff\xe8\x00\xff\xee\x00\xff\xfc\x00\xff\xfd\x01\x00\x00\x01\x00\x0b\x01\x00\x0d\x01\x00\x26\x01\x00\x28\x01\x00\x3a\x01\x00\x3c\x01\x00\x3d\x01\x00\x3f\x01\x00\x4d\x01\x00\x50\x01\x00\x5d" +
	"\x01\x00\x80\x01\x00\xfa\x01\x01\x00\x01\x01\x02\x01\x01\x07\x01\x01\x33\x01\x01\x37\x01\x01\x8e\x01\x01\x90\x01\x01\x9c\x01\x01\xa0\x01\x01\xa0\x01\x01\xd0\x01\x01\xfd\x01\x02\x80\x01\x02\x9c" +
	"\x01\x02\xa0\x01\x02\xd0\x01\x02\xe0\x01\x02\xfb\x01\x03\x00\x01\x03\x23\x01\x03\x2d\x01\x03\x4a\x01\x03\x50\x01\x03\x7a\x01\x03\x80\x01\x03\x9d\x01\x03\x9f\x01\x03\xc3\x01\x03\xc8\x01\x03\xd5" +
	"\x01\x04\x00\x01\x04\x9d\x01\x04\xa0\x01\x04\xa9\x01\x04\xb0\x01\x04\xd3\x01\x04\xd8\x01\x04\xfb\x01\x05\x00\x01\x05\x27\x01\x05\x30\x01\x05\x63\x01\x05\x6f\x01\x05\x7a\x01\x05\x7c\x01\x05\x8a" +
	"\x01\x05\x8c\x01\x05\x92\x01\x05\x94\x01\x05\x95\x01\x05\x97\x01\x05\xa1\x01\x05\xa3\x01\x05\xb1\x01\x05\xb3\x01\x05\xb9\x01\x05\xbb\x01\x05\xbc\x01\x05\xc0\x01\x05\xf3\x01\x06\x00\x01\x07\x36" +
	"\x01\x07\x40\x01\x07\x55\x01\x07\x60\x01\x07\x67\x01\x07\x80\x01\x07\x85\x01\x07\x87\x01\x07\xb0\x01\x07\xb2\x01\x07\xba\x01\x08\x00\x01\x08\x05\x01\x08\x08\x01\x08\x08\x01\x08\x0a\x01\x08\x35" +
	"\x01\x08\x37\x01\x08\x38\x01\x08\x3c\x01\x08\x3c\x01\x08\x3f\x01\x08\x55\x01\x08\x57\x01\x08\x9e\x01\x08\xa7\x01\x08\xaf\x01\x08\xe0\x01\x08\xf2\x01\x08\xf4\x01\x08\xf5\x01\x08\xfb\x01\x09\x1b" +
	"\x01\x09\x1f\x01\x09\x39\x01\x09\x3f\x01\x09\x59\x01\x09\x80\x01\x09\xb7\x01\x09\xbc\x01\x09\xcf\x01\x09\xd2\x01\x0a\x03\x01\x0a\x05\x01\x0a\x06\x01\x0a\x0c\x01\x0a\x13\x01\x0a\x15\x01\x0a\x17" +
	"\x01\x0a\x19\x01\x0a\x35\x01\x0a\x38\x01\x0a\x3a\x01\x0a\x3f\x01\x0a\x48\x01\x0a\x50\x01\x0a\x58\x01\x0a\x60\x01\x0a\x9f\x01\x0a\xc0\x01\x0a\xe6\x01\x0a\xeb\x01\x0a\xf6\x01\x0b\x00\x01\x0b\x35" +
	"\x01\x0b\x39\x01\x0b\x55\x01\x0b\x58\x01\x0b\x72\x01\x0b\x78\x01\x0b\x91\x01\x0b\x99\x01\x0b\x9c\x01\x0b\xa9\x01\x0b\xaf\x01\x0c\x00\x01\x0c\x48\x01\x0c\x80\x01\x0c\xb2\x01\x0c\xc0\x01\x0c\xf2" +
	"\x01\x0c\xfa\x01\x0d\x27\x01\x0d\x30\x01\x0d\x39\x01\x0d\x40\x01\x0d\x65\x01\x0d\x69\x01\x0d\x85\x01\x0d\x8e\x01\x0d\x8f\x01\x0e\x60\x01\x0e\x7e\x01\x0e\x80\x01\x0e\xa9\x01\x0e\xab\x01\x0e\xad" +
	"\x01\x0e\xb0\x01\x0e\xb1\x01\x0e\xc2\x01\x0e\xc7\x01\x0e\xd0\x01\x0e\xd8\x01\x0e\xfa\x01\x0f\x27\x01\x0f\x30\x01\x0f\x59\x01\x0f\x70\x01\x0f\x89\x01\x0f\xb0\x01\x0f\xcb\x01\x0f\xe0\x01\x0f\xf6" +
	"\x01\x10\x00\x01\x10\x4d\x01\x10\x52\x01\x10\x75\x01\x10\x7f\x01\x10\xbc\x01\x10\xbe\x01\x10\xc2\x01\x10\xd0\x01\x10\xe8\x01\x10\xf0\x01\x10\xf9\x01\x11\x00\x01\x11\x34\x01\x11\x36\x01\x11\x47" +
	"\x01\x11\x50\x01\x11\x76\x01\x11\x80\x01\x11\xdf\x01\x11\xe1\x01\x11\xf4\x01\x12\x00\x01\x12\x11\x01\x12\x13\x01\x12\x41\x01\x12\x80\x01\x12\x86\x01\x12\x88\x01\x12\x88\x01\x12\x8a\x01\x12\x8d" +
	"\x01\x12\x8f\x01\x12\x9d\x01\x12\x9f\x01\x12\xa9\x01\x12\xb0\x01\x12\xea\x01\x12\xf0\x01\x12\xf9\x01\x13\x00\x01\x13\x03\x01\x13\x05\x01\x13\x0c\x01\x13\x0f\x01\x13\x10\x01\x13\x13\x01\x13\x28" +
	"\x01\x13\x2a\x01\x13\x30\x01\x13\x32\x01\x13\x33\x01\x13\x35\x01\x13\x39\x01\x13\x3b\x01\x13\x44\x01\x13\x47\x01\x13\x48\x01\x13\x4b\x01\x13\x4d\x01\x13\x50\x01\x13\x50\x01\x13\x57\x01\x13\x57" +
	"\x01\x13\x5d\x01\x13\x63\x01\x13\x66\x01\x13\x6c\x01\x13\x70\x01\x13\x74\x01\x13\x80\x01\x13\x89\x01\x13\x8b\x01\x13\x8b\x01\x13\x8e\x01\x13\x8e\x01\x13\x90\x01\x13\xb5\x01\x13\xb7\x01\x13\xc0" +
	"\x01\x13\xc2\x01\x13\xc2\x01\x13\xc5\x01\x13\xc5\x01\x13\xc7\x01\x13\xca\x01\x13\xcc\x01\x13\xd5\x01\x13\xd7\x01\x13\xd8\x01\x13\xe1\x01\x13\xe2\x01\x14\x00\x01\x14\x5b\x01\x14\x5d\x01\x14\x61" +
	"\x01\x14\x80\x01\x14\xc7\x01\x14\xd0\x01\x14\xd9\x01\x15\x80\x01\x15\xb5\x01\x15\xb8\x01\x15\xdd\x01\x16\x00\x01\x16\x44\x01\x16\x50\x01\x16\x59\x01\x16\x60\x01\x16\x6c\x01\x16\x80\x01\x16\xb9" +
	"\x01\x16\xc0\x01\x16\xc9\x01\x16\xd0\x01\x16\xe3\x01\x17\x00\x01\x17\x1a\x01\x17\x1d\x01\x17\x2b\x01\x17\x30\x01\x17\x46\x01\x18\x00\x01\x18\x3b\x01\x18\xa0\x01\x18\xf2\x01\x18\xff\x01\x19\x06" +
	"\x01\x19\x09\x01\x19\x09\x01\x19\x0c\x01\x19\x13\x01\x19\x15\x01\x19\x16\x01\x19\x18\x01\x19\x35\x01\x19\x37\x01\x19\x38\x01\x19\x3b\x01\x19\x46\x01\x19\x50\x01\x19\x59\x01\x19\xa0\x01\x19\xa7" +
	"\x01\x19\xaa\x01\x19\xd7\x01\x19\xda\x01\x19\xe4\x01\x1a\x00\x01\x1a\x47\x01\x1a\x50\x01\x1a\xa2\x01\x1a\xb0\x01\x1a\xf8\x01\x1b\x00\x01\x1b\x09\x01\x1b\x60\x01\x1b\x67\x01\x1b\xc0\x01\x1b\xe1" +
	"\x01\x1b\xf0\x01\x1b\xf9\x01\x1c\x00\x01\x1c\x08\x01\x1c\x0a\x01\x1c\x36\x01\x1c\x38\x01\x1c\x45\x01\x1c\x50\x01\x1c\x6c\x01\x1c\x70\x01\x1c\x8f\x01\x1c\x92\x01\x1c\xa7\x01\x1c\xa9\x01\x1c\xb6" +
	"\x01\x1d\x00\x01\x1d\x06\x01\x1d\x08\x01\x1d\x09\x01\x1d\x0b\x01\x1d\x36\x01\x1d\x3a\x01\x1d\x3a\x01\x1d\x3c\x01\x1d\x3d\x01\x1d\x3f\x01\x1d\x47\x01\x1d\x50\x01\x1d\x59\x01\x1d\x60\x01\x1d\x65" +
	"\x01\x1d\x67\x01\x1d\x68\x01\x1d\x6a\x01\x1d\x8e\x01\x1d\x90\x01\x1d\x91\x01\x1d\x93\x01\x1d\x98\x01\x1d\xa0\x01\x1d\xa9\x01\x1d\xb0\x01\x1d\xdb\x01\x1d\xe0\x01\x1d\xe9\x01\x1e\xe0\x01\x1e\xf8" +
	"\x01\x1f\x00\x01\x1f\x10\x01\x1f\x12\x01\x1f\x3a\x01\x1f\x3e\x01\x1f\x5a\x01\x1f\xb0\x01\x1f\xb0\x01\x1f\xc0\x01\x1f\xf1\x01\x1f\xff\x01\x23\x99\x01\x24\x00\x01\x24\x6e\x01\x24\x70\x01\x24\x74" +
	"\x01\x24\x80\x01\x25\x43\x01\x2f\x90\x01\x2f\xf2\x01\x30\x00\x01\x34\x2f\x01\x34\x40\x01\x34\x55\x01\x34\x60\x01\x43\xfa\x01\x44\x00\x01\x46\x46\x01\x61\x00\x01\x61\x39\x01\x68\x00\x01\x6a\x38" +
	"\x01\x6a\x40\x01\x6a\x5e\x01\x6a\x60\x01\x6a\x69\x01\x6a\x6e\x01\x6a\xbe\x01\x6a\xc0\x01\x6a\xc9\x01\x6a\xd0\x01\x6a\xed\x01\x6a\xf0\x01\x6a\xf5\x01\x6b\x00\x01\x6b\x45\x01\x6b\x50\x01\x6b\x59" +
	"\x01\x6b\x5b\x01\x6b\x61\x01\x6b\x63\x01\x6b\x77\x01\x6b\x7d\x01\x6b\x8f\x01\x6d\x40\x01\x6d\x79\x01\x6e\x40\x01\x6e\x9a\x01\x6e\xa0\x01\x6e\xb8\x01\x6e\xbb\x01\x6e\xd3\x01\x6f\x00\x01\x6f\x4a" +
	"\x01\x6f\x4f\x01\x6f\x87\x01\x6f\x8f\x01\x6f\x9f\x01\x6f\xe0\x01\x6f\xe4\x01\x6f\xf0\x01\x6f\xf6\x01\x70\x00\x01\x8c\xd5\x01\x8c\xff\x01\x8d\x1e\x01\x8d\x80\x01\x8d\xf2\x01\xaf\xf0\x01\xaf\xf3" +
	"\x01\xaf\xf5\x01\xaf\xfb\x01\xaf\xfd\x01\xaf\xfe\x01\xb0\x00\x01\xb1\x22\x01\xb1\x32\x01\xb1\x32\x01\xb1\x50\x01\xb1\x52\x01\xb1\x55\x01\xb1\x55\x01\xb1\x64\x01\xb1\x67\x01\xb1\x70\x01\xb2\xfb" +
	"\x01\xbc\x00\x01\xbc\x6a\x01\xbc\x70\x01\xbc\x7c\x01\xbc\x80\x01\xbc\x88\x01\xbc\x90\x01\xbc\x99\x01\xbc\x9c\x01\xbc\x9f\x01\xcc\x00\x01\xcc\xfc\x01\xcd\x00\x01\xce\xb3\x01\xce\xba\x01\xce\xd0" +
	"\x01\xce\xe0\x01\xce\xf0\x01\xcf\x00\x01\xcf\x2d\x01\xcf\x30\x01\xcf\x46\x01\xcf\x50\x01\xcf\xc3\x01\xd0\x00\x01\xd0\xf5\x01\xd1\x00\x01\xd1\x26\x01\xd1\x29\x01\xd1\x72\x01\xd1\x7b\x01\xd1\xea" +
	"\x01\xd2\x00\x01\xd2\x45\x01\xd2\xc0\x01\xd2\xd3\x01\xd2\xe0\x01\xd2\xf3\x01\xd3\x00\x01\xd3\x56\x01\xd3\x60\x01\xd3\x78\x01\xd4\x00\x01\xd4\x54\x01\xd4\x56\x01\xd4\x9c\x01\xd4\x9e\x01\xd4\x9f" +
	"\x01\xd4\xa2\x01\xd4\xa2\x01\xd4\xa5\x01\xd4\xa6\x01\xd4\xa9\x01\xd4\xac\x01\xd4\xae\x01\xd4\xb9\x01\xd4\xbb\x01\xd4\xbb\x01\xd4\xbd\x01\xd4\xc3\x01\xd4\xc5\x01\xd5\x05\x01\xd5\x07\x01\xd5\x0a" +
	"\x01\xd5\x0d\x01\xd5\x14\x01\xd5\x16\x01\xd5\x1c\x01\xd5\x1e\x01\xd5\x39\x01\xd5\x3b\x01\xd5\x3e\x01\xd5\x40\x01\xd5\x44\x01\xd5\x46\x01\xd5\x46\x01\xd5\x4a\x01\xd5\x50\x01\xd5\x52\x01\xd6\xa5" +
	"\x01\xd6\xa8\x01\xd7\xcb\x01\xd7\xce\x01\xda\x8b\x01\xda\x9b\x01\xda\x9f\x01\xda\xa1\x01\xda\xaf\x01\xdf\x00\x01\xdf\x1e\x01\xdf\x25\x01\xdf\x2a\x01\xe0\x00\x01\xe0\x06\x01\xe0\x08\x01\xe0\x18" +
	"\x01\xe0\x1b\x01\xe0\x21\x01\xe0\x23\x01\xe0\x24\x01\xe0\x26\x01\xe0\x2a\x01\xe0\x30\x01\xe0\x6d\x01\xe0\x8f\x01\xe0\x8f\x01\xe1\x00\x01\xe1\x2c\x01\xe1\x30\x01\xe1\x3d\x01\xe1\x40\x01\xe1\x49" +
	"\x01\xe1\x4e\x01\xe1\x4f\x01\xe2\x90\x01\xe2\xae\x01\xe2\xc0\x01\xe2\xf9\x01\xe2\xff\x01\xe2\xff\x01\xe4\xd0\x01\xe4\xf9\x01\xe5\xd0\x01\xe5\xfa\x01\xe5\xff\x01\xe5\xff\x01\xe6\xc0\x01\xe6\xde" +
	"\x01\xe6\xe0\x01\xe6\xf5\x01\xe6\xfe\x01\xe6\xff\x01\xe7\xe0\x01\xe7\xe6\x01\xe7\xe8\x01\xe7\xeb\x01\xe7\xed\x01\xe7\xee\x01\xe7\xf0\x01\xe7\xfe\x01\xe8\x00\x01\xe8\xc4\x01\xe8\xc7\x01\xe8\xd6" +
	"\x01\xe9\x00\x01\xe9\x4b\x01\xe9\x50\x01\xe9\x59\x01\xe9\x5e\x01\xe9\x5f\x01\xec\x71\x01\xec\xb4\x01\xed\x01\x01\xed\x3d\x01\xee\x00\x01\xee\x03\x01\xee\x05\x01\xee\x1f\x01\xee\x21\x01\xee\x22" +
	"\x01\xee\x24\x01\xee\x24\x01\xee\x27\x01\xee\x27\x01\xee\x29\x01\xee\x32\x01\xee\x34\x01\xee\x37\x01\xee\x39\x01\xee\x39\x01\xee\x3b\x01\xee\x3b\x01\xee\x42\x01\xee\x42\x01\xee\x47\x01\xee\x47" +
	"\x01\xee\x49\x01\xee\x49\x01\xee\x4b\x01\xee\x4b\x01\xee\x4d\x01\xee\x4f\x01\xee\x51\x01\xee\x52\x01\xee\x54\x01\xee\x54\x01\xee\x57\x01\xee\x57\x01\xee\x59\x01\xee\x59\x01\xee\x5b\x01\xee\x5b" +
	"\x01\xee\x5d\x01\xee\x5d\x01\xee\x5f\x01\xee\x5f\x01\xee\x61\x01\xee\x62\x01\xee\x64\x01\xee\x64\x01\xee\x67\x01\xee\x6a\x01\xee\x6c\x01\xee\x72\x01\xee\x74\x01\xee\x77\x01\xee\x79\x01\xee\x7c" +
	"\x01\xee\x7e\x01\xee\x7e\x01\xee\x80\x01\xee\x89\x01\xee\x8b\x01\xee\x9b\x01\xee\xa1\x01\xee\xa3\x01\xee\xa5\x01\xee\xa9\x01\xee\xab\x01\xee\xbb\x01\xee\xf0\x01\xee\xf1\x01\xf0\x00\x01\xf0\x2b" +
	"\x01\xf0\x30\x01\xf0\x93\x01\xf0\xa0\x01\xf0\xae\x01\xf0\xb1\x01\xf0\xbf\x01\xf0\xc1\x01\xf0\xcf\x01\xf0\xd1\x01\xf0\xf5\x01\xf1\x00\x01\xf1\xad\x01\xf1\xe6\x01\xf2\x02\x01\xf2\x10\x01\xf2\x3b" +
	"\x01\xf2\x40\x01\xf2\x48\x01\xf2\x50\x01\xf2\x51\x01\xf2\x60\x01\xf2\x65\x01\xf3\x00\x01\xf6\xd8\x01\xf6\xdc\x01\xf6\xec\x01\xf6\xf0\x01\xf6\xfc\x01\xf7\x00\x01\xf7\xd9\x01\xf7\xe0\x01\xf7\xeb" +
	"\x01\xf7\xf0\x01\xf7\xf0\x01\xf8\x00\x01\xf8\x0b\x01\xf8\x10\x01\xf8\x47\x01\xf8\x50\x01\xf8\x59\x01\xf8\x60\x01\xf8\x87\x01\xf8\x90\x01\xf8\xad\x01\xf8\xb0\x01\xf8\xbb\x01\xf8\xc0\x01\xf8\xc1" +
	"\x01\xf8\xd0\x01\xf8\xd8\x01\xf9\x00\x01\xfa\x57\x01\xfa\x60\x01\xfa\x6d\x01\xfa\x70\x01\xfa\x7c\x01\xfa\x80\x01\xfa\x8a\x01\xfa\x8e\x01\xfa\xc6\x01\xfa\xc8\x01\xfa\xc8\x01\xfa\xcd\x01\xfa\xdc" +
	"\x01\xfa\xdf\x01\xfa\xea\x01\xfa\xef\x01\xfa\xf8\x01\xfb\x00\x01\xfb\x92\x01\xfb\x94\x01\xfb\xfa\x02\x00\x00\x02\xa6\xdf\x02\xa7\x00\x02\xb8\x1d\x02\xb8\x20\x02\xce\xad\x02\xce\xb0\x02\xeb\xe0" +
	"\x02\xeb\xf0\x02\xee\x5d\x02\xf8\x00\x02\xfa\x1d\x03\x00\x00\x03\x13\x4a\x03\x13\x50\x03\x34\x79\x0e\x01\x00\x0e\x01\xef" +
	""

const graphicTable = "" +
	"\x00\x00\x20\x00\x00\x7e\x00\x00\xa0\x00\x00\xac\x00\x00\xae\x00\x03\x77\x00\x03\x7a\x00\x03\x7f\x00\x03\x84\x00\x03\x8a\x00\x03\x8c\x00\x03\x8c\x00\x03\x8e\x00\x03\xa1\x00\x03\xa3\x00\x05\x2f" +
	"\x00\x05\x31\x00\x05\x56\x00\x05\x59\x00\x05\x8a\x00\x05\x8d\x00\x05\x8f\x00\x05\x91\x00\x05\xc7\x00\x05\xd0\x00\x05\xea\x00\x05\xef\x00\x05\xf4\x00\x06\x06\x00\x06\x1b\x00\x06\x1d\x00\x06\xdc" +
	"\x00\x06\xde\x00\x07\x0d\x00\x07\x10\x00\x07\x4a\x00\x07\x4d\x00\x07\xb1\x00\x07\xc0\x00\x07\xfa\x00\x07\xfd\x00\x08\x2d\x00\x08\x30\x00\x08\x3e\x00\x08\x40\x00\x08\x5b\x00\x08\x5e\x00\x08\x5e" +
	"\x00\x08\x60\x00\x08\x6a\x00\x08\x70\x00\x08\x8f\x00\x08\x97\x00\x08\xe1\x00\x08\xe3\x00\x09\x83\x00\x09\x85\x00\x09\x8c\x00\x09\x8f\x00\x09\x90\x00\x09\x93\x00\x09\xa8\x00\x09\xaa\x00\x09\xb0" +
	"\x00\x09\xb2\x00\x09\xb2\x00\x09\xb6\x00\x09\xb9\x00\x09\xbc\x00\x09\xc4\x00\x09\xc7\x00\x09\xc8\x00\x09\xcb\x00\x09\xce\x00\x09\xd7\x00\x09\xd7\x00\x09\xdc\x00\x09\xdd\x00\x09\xdf\x00\x09\xe3" +
	"\x00\x09\xe6\x00\x09\xfe\x00\x0a\x01\x00\x0a\x03\x00\x0a\x05\x00\x0a\x0a\x00\x0a\x0f\x00\x0a\x10\x00\x0a\x13\x00\x0a\x28\x00\x0a\x2a\x00\x0a\x30\x00\x0a\x32\x00\x0a\x33\x00\x0a\x35\x00\x0a\x36" +
	"\x00\x0a\x38\x00\x0a\x39\x00\x0a\x3c\x00\x0a\x3c\x00\x0a\x3e\x00\x0a\x42\x00\x0a\x47\x00\x0a\x48\x00\x0a\x4b\x00\x0a\x4d\x00\x0a\x51\x00\x0a\x51\x00\x0a\x59\x00\x0a\x5c\x00\x0a\x5e\x00\x0a\x5e" +
	"\x00\x0a\x66\x00\x0a\x76\x00\x0a\x81\x00\x0a\x83\x00\x0a\x85\x00\x0a\x8d\x00\x0a\x8f\x00\x0a\x91\x00\x0a\x93\x00\x0a\xa8\x00\x0a\xaa\x00\x0a\xb0\x00\x0a\xb2\x00\x0a\xb3\x00\x0a\xb5\x00\x0a\xb9" +
	"\x00\x0a\xbc\x00\x0a\xc5\x00\x0a\xc7\x00\x0a\xc9\x00\x0a\xcb\x00\x0a\xcd\x00\x0a\xd0\x00\x0a\xd0\x00\x0a\xe0\x00\x0a\xe3\x00\x0a\xe6\x00\x0a\xf1\x00\x0a\xf9\x00\x0a\xff\x00\x0b\x01\x00\x0b\x03" +
	"\x00\x0b\x05\x00\x0b\x0c\x00\x0b\x0f\x00\x0b\x10\x00\x0b\x13\x00\x0b\x28\x00\x0b\x2a\x00\x0b\x30\x00\x0b\x32\x00\x0b\x33\x00\x0b\x35\x00\x0b\x39\x00\x0b\x3c\x00\x0b\x44\x00\x0b\x47\x00\x0b\x48" +
	"\x00\x0b\x4b\x00\x0b\x4d\x00\x0b\x55\x00\x0b\x57\x00\x0b\x5c\x00\x0b\x5d\x00\x0b\x5f\x00\x0b\x63\x00\x0b\x66\x00\x0b\x77\x00\x0b\x82\x00\x0b\x83\x00\x0b\x85\x00\x0b\x8a\x00\x0b\x8e\x00\x0b\x90" +
	"\x00\x0b\x92\x00\x0b\x95\x00\x0b\x99\x00\x0b\x9a\x00\x0b\x9c\x00\x0b\x9c\x00\x0b\x9e\x00\x0b\x9f\x00\x0b\xa3\x00\x0b\xa4\x00\x0b\xa8\x00\x0b\xaa\x00\x0b\xae\x00\x0b\xb9\x00\x0b\xbe\x00\x0b\xc2" +
	"\x00\x0b\xc6\x00\x0b\xc8\x00\x0b\xca\x00\x0b\xcd\x00\x0b\xd0\x00\x0b\xd0\x00\x0b\xd7\x00\x0b\xd7\x00\x0b\xe6\x00\x0b\xfa\x00\x0c\x00\x00\x0c\x0c\x00\x0c\x0e\x00\x0c\x10\x00\x0c\x12\x00\x0c\x28" +
	"\x00\x0c\x2a\x00\x0c\x39\x00\x0c\x3c\x00\x0c\x44\x00\x0c\x46\x00\x0c\x48\x00\x0c\x4a\x00\x0c\x4d\x00\x0c\x55\x00\x0c\x56\x00\x0c\x58\x00\x0c\x5a\x00\x0c\x5c\x00\x0c\x5d\x00\x0c\x60\x00\x0c\x63" +
	"\x00\x0c\x66\x00\x0c\x6f\x00\x0c\x77\x00\x0c\x8c\x00\x0c\x8e\x00\x0c\x90\x00\x0c\x92\x00\x0c\xa8\x00\x0c\xaa\x00\x0c\xb3\x00\x0c\xb5\x00\x0c\xb9\x00\x0c\xbc\x00\x0c\xc4\x00\x0c\xc6\x00\x0c\xc8" +
	"\x00\x0c\xca\x00\x0c\xcd\x00\x0c\xd5\x00\x0c\xd6\x00\x0c\xdc\x00\x0c\xde\x00\x0c\xe0\x00\x0c\xe3\x00\x0c\xe6\x00\x0c\xef\x00\x0c\xf1\x00\x0c\xf3\x00\x0d\x00\x00\x0d\x0c\x00\x0d\x0e\x00\x0d\x10" +
	"\x00\x0d\x12\x00\x0d\x44\x00\x0d\x46\x00\x0d\x48\x00\x0d\x4a\x00\x0d\x4f\x00\x0d\x54\x00\x0d\x63\x00\x0d\x66\x00\x0d\x7f\x00\x0d\x81\x00\x0d\x83\x00\x0d\x85\x00\x0d\x96\x00\x0d\x9a\x00\x0d\xb1" +
	"\x00\x0d\xb3\x00\x0d\xbb\x00\x0d\xbd\x00\x0d\xbd\x00\x0d\xc0\x00\x0d\xc6\x00\x0d\xca\x00\x0d\xca\x00\x0d\xcf\x00\x0d\xd4\x00\x0d\xd6\x00\x0d\xd6\x00\x0d\xd8\x00\x0d\xdf\x00\x0d\xe6\x00\x0d\xef" +
	"\x00\x0d\xf2\x00\x0d\xf4\x00\x0e\x01\x00\x0e\x3a\x00\x0e\x3f\x00\x0e\x5b\x00\x0e\x81\x00\x0e\x82\x00\x0e\x84\x00\x0e\x84\x00\x0e\x86\x00\x0e\x8a\x00\x0e\x8c\x00\x0e\xa3\x00\x0e\xa5\x00\x0e\xa5" +
	"\x00\x0e\xa7\x00\x0e\xbd\x00\x0e\xc0\x00\x0e\xc4\x00\x0e\xc6\x00\x0e\xc6\x00\x0e\xc8\x00\x0e\xce\x00\x0e\xd0\x00\x0e\xd9\x00\x0e\xdc\x00\x0e\xdf\x00\x0f\x00\x00\x0f\x47\x00\x0f\x49\x00\x0f\x6c" +
	"\x00\x0f\x71\x00\x0f\x97\x00\x0f\x99\x00\x0f\xbc\x00\x0f\xbe\x00\x0f\xcc\x00\x0f\xce\x00\x0f\xda\x00\x10\x00\x00\x10\xc5\x00\x10\xc7\x00\x10\xc7\x00\x10\xcd\x00\x10\xcd\x00\x10\xd0\x00\x12\x48" +
	"\x00\x12\x4a\x00\x12\x4d\x00\x12\x50\x00\x12\x56\x00\x12\x58\x00\x12\x58\x00\x12\x5a\x00\x12\x5d\x00\x12\x60\x00\x12\x88\x00\x12\x8a\x00\x12\x8d\x00\x12\x90\x00\x12\xb0\x00\x12\xb2\x00\x12\xb5" +
	"\x00\x12\xb8\x00\x12\xbe\x00\x12\xc0\x00\x12\xc0\x00\x12\xc2\x00\x12\xc5\x00\x12\xc8\x00\x12\xd6\x00\x12\xd8\x00\x13\x10\x00\x13\x12\x00\x13\x15\x00\x13\x18\x00\x13\x5a\x00\x13\x5d\x00\x13\x7c" +
	"\x00\x13\x80\x00\x13\x99\x00\x13\xa0\x00\x13\xf5\x00\x13\xf8\x00\x13\xfd\x00\x14\x00\x00\x16\x9c\x00\x16\xa0\x00\x16\xf8\x00\x17\x00\x00\x17\x15\x00\x17\x1f\x00\x17\x36\x00\x17\x40\x00\x17\x53" +
	"\x00\x17\x60\x00\x17\x6c\x00\x17\x6e\x00\x17\x70\x00\x17\x72\x00\x17\x73\x00\x17\x80\x00\x17\xdd\x00\x17\xe0\x00\x17\xe9\x00\x17\xf0\x00\x17\xf9\x00\x18\x00\x00\x18\x0d\x00\x18\x0f\x00\x18\x19" +
	"\x00\x18\x20\x00\x18\x78\x00\x18\x80\x00\x18\xaa\x00\x18\xb0\x00\x18\xf5\x00\x19\x00\x00\x19\x1e\x00\x19\x20\x00\x19\x2b\x00\x19\x30\x00\x19\x3b\x00\x19\x40\x00\x19\x40\x00\x19\x44\x00\x19\x6d" +
	"\x00\x19\x70\x00\x19\x74\x00\x19\x80\x00\x19\xab\x00\x19\xb0\x00\x19\xc9\x00\x19\xd0\x00\x19\xda\x00\x19\xde\x00\x1a\x1b\x00\x1a\x1e\x00\x1a\x5e\x00\x1a\x60\x00\x1a\x7c\x00\x1a\x7f\x00\x1a\x89" +
	"\x00\x1a\x90\x00\x1a\x99\x00\x1a\xa0\x00\x1a\xad\x00\x1a\xb0\x00\x1a\xdd\x00\x1a\xe0\x00\x1a\xeb\x00\x1b\x00\x00\x1b\x4c\x00\x1b\x4e\x00\x1b\xf3\x00\x1b\xfc\x00\x1c\x37\x00\x1c\x3b\x00\x1c\x49" +
	"\x00\x1c\x4d\x00\x1c\x8a\x00\x1c\x90\x00\x1c\xba\x00\x1c\xbd\x00\x1c\xc7\x00\x1c\xd0\x00\x1c\xfa\x00\x1d\x00\x00\x1f\x15\x00\x1f\x18\x00\x1f\x1d\x00\x1f\x20\x00\x1f\x45\x00\x1f\x48\x00\x1f\x4d" +
	"\x00\x1f\x50\x00\x1f\x57\x00\x1f\x59\x00\x1f\x59\x00\x1f\x5b\x00\x1f\x5b\x00\x1f\x5d\x00\x1f\x5d\x00\x1f\x5f\x00\x1f\x7d\x00\x1f\x80\x00\x1f\xb4\x00\x1f\xb6\x00\x1f\xc4\x00\x1f\xc6\x00\x1f\xd3" +
	"\x00\x1f\xd6\x00\x1f\xdb\x00\x1f\xdd\x00\x1f\xef\x00\x1f\xf2\x00\x1f\xf4\x00\x1f\xf6\x00\x1f\xfe\x00\x20\x00\x00\x20\x0a\x00\x20\x10\x00\x20\x27\x00\x20\x2f\x00\x20\x5f\x00\x20\x70\x00\x20\x71" +
	"\x00\x20\x74\x00\x20\x8e\x00\x20\x90\x00\x20\x9c\x00\x20\xa0\x00\x20\xc1\x00\x20\xd0\x00\x20\xf0\x00\x21\x00\x00\x21\x8b\x00\x21\x90\x00\x24\x29\x00\x24\x40\x00\x24\x4a\x00\x24\x60\x00\x2b\x73" +
	"\x00\x2b\x76\x00\x2c\xf3\x00\x2c\xf9\x00\x2d\x25\x00\x2d\x27\x00\x2d\x27\x00\x2d\x2d\x00\x2d\x2d\x00\x2d\x30\x00\x2d\x67\x00\x2d\x6f\x00\x2d\x70\x00\x2d\x7f\x00\x2d\x96\x00\x2d\xa0\x00\x2d\xa6" +
	"\x00\x2d\xa8\x00\x2d\xae\x00\x2d\xb0\x00\x2d\xb6\x00\x2d\xb8\x00\x2d\xbe\x00\x2d\xc0\x00\x2d\xc6\x00\x2d\xc8\x00\x2d\xce\x00\x2d\xd0\x00\x2d\xd6\x00\x2d\xd8\x00\x2d\xde\x00\x2d\xe0\x00\x2e\x5d" +
	"\x00\x2e\x80\x00\x2e\x99\x00\x2e\x9b\x00\x2e\xf3\x00\x2f\x00\x00\x2f\xd5\x00\x2f\xf0\x00\x30\x3f\x00\x30\x41\x00\x30\x96\x00\x30\x99\x00\x30\xff\x00\x31\x05\x00\x31\x2f\x00\x31\x31\x00\x31\x8e" +
	"\x00\x31\x90\x00\x31\xe5\x00\x31\xef\x00\x32\x1e\x00\x32\x20\x00\xa4\x8c\x00\xa4\x90\x00\xa4\xc6\x00\xa4\xd0\x00\xa6\x2b\x00\xa6\x40\x00\xa6\xf7\x00\xa7\x00\x00\xa7\xdc\x00\xa7\xf1\x00\xa8\x2c" +
	"\x00\xa8\x30\x00\xa8\x39\x00\xa8\x40\x00\xa8\x77\x00\xa8\x80\x00\xa8\xc5\x00\xa8\xce\x00\xa8\xd9\x00\xa8\xe0\x00\xa9\x53\x00\xa9\x5f\x00\xa9\x7c\x00\xa9\x80\x00\xa9\xcd\x00\xa9\xcf\x00\xa9\xd9" +
	"\x00\xa9\xde\x00\xa9\xfe\x00\xaa\x00\x00\xaa\x36\x00\xaa\x40\x00\xaa\x4d\x00\xaa\x50\x00\xaa\x59\x00\xaa\x5c\x00\xaa\xc2\x00\xaa\xdb\x00\xaa\xf6\x00\xab\x01\x00\xab\x06\x00\xab\x09\x00\xab\x0e" +
	"\x00\xab\x11\x00\xab\x16\x00\xab\x20\x00\xab\x26\x00\xab\x28\x00\xab\x2e\x00\xab\x30\x00\xab\x6b\x00\xab\x70\x00\xab\xed\x00\xab\xf0\x00\xab\xf9\x00\xac\x00\x00\xd7\xa3\x00\xd7\xb0\x00\xd7\xc6" +
	"\x00\xd7\xcb\x00\xd7\xfb\x00\xf9\x00\x00\xfa\x6d\x00\xfa\x70\x00\xfa\xd9\x00\xfb\x00\x00\xfb\x06\x00\xfb\x13\x00\xfb\x17\x00\xfb\x1d\x00\xfb\x36\x00\xfb\x38\x00\xfb\x3c\x00\xfb\x3e\x00\xfb\x3e" +
	"\x00\xfb\x40\x00\xfb\x41\x00\xfb\x43\x00\xfb\x44\x00\xfb\x46\x00\xfd\xcf\x00\xfd\xf0\x00\xfe\x19\x00\xfe\x20\x00\xfe\x52\x00\xfe\x54\x00\xfe\x66\x00\xfe\x68\x00\xfe\x6b\x00\xfe\x70\x00\xfe\x74" +
	"\x00\xfe\x76\x00\xfe\xfc\x00\xff\x01\x00\xff\xbe\x00\xff\xc2\x00\xff\xc7\x00\xff\xca\x00\xff\xcf\x00\xff\xd2\x00\xff\xd7\x00\xff\xda\x00\xff\xdc\x00\xff\xe0\x00\xff\xe6\x00\xff\xe8\x00\xff\xee" +
	"\x00\xff\xfc\x00\xff\xfd\x01\x00\x00\x01\x00\x0b\x01\x00\x0d\x01\x00\x26\x01\x00\x28\x01\x00\x3a\x01\x00\x3c\x01\x00\x3d\x01\x00\x3f\x01\x00\x4d\x01\x00\x50\x01\x00\x5d\x01\x00\x80\x01\x00\xfa" +
	"\x01\x01\x00\x01\x01\x02\x01\x01\x07\x01\x01\x33\x01\x01\x37\x01\x01\x8e\x01\x01\x90\x01\x01\x9c\x01\x01\xa0\x01\x01\xa0\x01\x01\xd0\x01\x01\xfd\x01\x02\x80\x01\x02\x9c\x01\x02\xa0\x01\x02\xd0" +
	"\x01\x02\xe0\x01\x02\xfb\x01\x03\x00\x01\x03\x23\x01\x03\x2d\x01\x03\x4a\x01\x03\x50\x01\x03\x7a\x01\x03\x80\x01\x03\x9d\x01\x03\x9f\x01\x03\xc3\x01\x03\xc8\x01\x03\xd5\x01\x04\x00\x01\x04\x9d" +
	"\x01\x04\xa0\x01\x04\xa9\x01\x04\xb0\x01\x04\xd3\x01\x04\xd8\x01\x04\xfb\x01\x05\x00\x01\x05\x27\x01\x05\x30\x01\x05\x63\x01\x05\x6f\x01\x05\x7a\x01\x05\x7c\x01\x05\x8a\x01\x05\x8c\x01\x05\x92" +
	"\x01\x05\x94\x01\x05\x95\x01\x05\x97\x01\x05\xa1\x01\x05\xa3\x01\x05\xb1\x01\x05\xb3\x01\x05\xb9\x01\x05\xbb\x01\x05\xbc\x01\x05\xc0\x01\x05\xf3\x01\x06\x00\x01\x07\x36\x01\x07\x40\x01\x07\x55" +
	"\x01\x07\x60\x01\x07\x67\x01\x07\x80\x01\x07\x85\x01\x07\x87\x01\x07\xb0\x01\x07\xb2\x01\x07\xba\x01\x08\x00\x01\x08\x05\x01\x08\x08\x01\x08\x08\x01\x08\x0a\x01\x08\x35\x01\x08\x37\x01\x08\x38" +
	"\x01\x08\x3c\x01\x08\x3c\x01\x08\x3f\x01\x08\x55\x01\x08\x57\x01\x08\x9e\x01\x08\xa7\x01\x08\xaf\x01\x08\xe0\x01\x08\xf2\x01\x08\xf4\x01\x08\xf5\x01\x08\xfb\x01\x09\x1b\x01\x09\x1f\x01\x09\x39" +
	"\x01\x09\x3f\x01\x09\x59\x01\x09\x80\x01\x09\xb7\x01\x09\xbc\x01\x09\xcf\x01\x09\xd2\x01\x0a\x03\x01\x0a\x05\x01\x0a\x06\x01\x0a\x0c\x01\x0a\x13\x01\x0a\x15\x01\x0a\x17\x01\x0a\x19\x01\x0a\x35" +
	"\x01\x0a\x38\x01\x0a\x3a\x01\x0a\x3f\x01\x0a\x48\x01\x0a\x50\x01\x0a\x58\x01\x0a\x60\x01\x0a\x9f\x01\x0a\xc0\x01\x0a\xe6\x01\x0a\xeb\x01\x0a\xf6\x01\x0b\x00\x01\x0b\x35\x01\x0b\x39\x01\x0b\x55" +
	"\x01\x0b\x58\x01\x0b\x72\x01\x0b\x78\x01\x0b\x91\x01\x0b\x99\x01\x0b\x9c\x01\x0b\xa9\x01\x0b\xaf\x01\x0c\x00\x01\x0c\x48\x01\x0c\x80\x01\x0c\xb2\x01\x0c\xc0\x01\x0c\xf2\x01\x0c\xfa\x01\x0d\x27" +
	"\x01\x0d\x30\x01\x0d\x39\x01\x0d\x40\x01\x0d\x65\x01\x0d\x69\x01\x0d\x85\x01\x0d\x8e\x01\x0d\x8f\x01\x0e\x60\x01\x0e\x7e\x01\x0e\x80\x01\x0e\xa9\x01\x0e\xab\x01\x0e\xad\x01\x0e\xb0\x01\x0e\xb1" +
	"\x01\x0e\xc2\x01\x0e\xc7\x01\x0e\xd0\x01\x0e\xd8\x01\x0e\xfa\x01\x0f\x27\x01\x0f\x30\x01\x0f\x59\x01\x0f\x70\x01\x0f\x89\x01\x0f\xb0\x01\x0f\xcb\x01\x0f\xe0\x01\x0f\xf6\x01\x10\x00\x01\x10\x4d" +
	"\x01\x10\x52\x01\x10\x75\x01\x10\x7f\x01\x10\xbc\x01\x10\xbe\x01\x10\xc2\x01\x10\xd0\x01\x10\xe8\x01\x10\xf0\x01\x10\xf9\x01\x11\x00\x01\x11\x34\x01\x11\x36\x01\x11\x47\x01\x11\x50\x01\x11\x76" +
	"\x01\x11\x80\x01\x11\xdf\x01\x11\xe1\x01\x11\xf4\x01\x12\x00\x01\x12\x11\x01\x12\x13\x01\x12\x41\x01\x12\x80\x01\x12\x86\x01\x12\x88\x01\x12\x88\x01\x12\x8a\x01\x12\x8d\x01\x12\x8f\x01\x12\x9d" +
	"\x01\x12\x9f\x01\x12\xa9\x01\x12\xb0\x01\x12\xea\x01\x12\xf0\x01\x12\xf9\x01\x13\x00\x01\x13\x03\x01\x13\x05\x01\x13\x0c\x01\x13\x0f\x01\x13\x10\x01\x13\x13\x01\x13\x28\x01\x13\x2a\x01\x13\x30" +
	"\x01\x13\x32\x01\x13\x33\x01\x13\x35\x01\x13\x39\x01\x13\x3b\x01\x13\x44\x01\x13\x47\x01\x13\x48\x01\x13\x4b\x01\x13\x4d\x01\x13\x50\x01\x13\x50\x01\x13\x57\x01\x13\x57\x01\x13\x5d\x01\x13\x63" +
	"\x01\x13\x66\x01\x13\x6c\x01\x13\x70\x01\x13\x74\x01\x13\x80\x01\x13\x89\x01\x13\x8b\x01\x13\x8b\x01\x13\x8e\x01\x13\x8e\x01\x13\x90\x01\x13\xb5\x01\x13\xb7\x01\x13\xc0\x01\x13\xc2\x01\x13\xc2" +
	"\x01\x13\xc5\x01\x13\xc5\x01\x13\xc7\x01\x13\xca\x01\x13\xcc\x01\x13\xd5\x01\x13\xd7\x01\x13\xd8\x01\x13\xe1\x01\x13\xe2\x01\x14\x00\x01\x14\x5b\x01\x14\x5d\x01\x14\x61\x01\x14\x80\x01\x14\xc7" +
	"\x01\x14\xd0\x01\x14\xd9\x01\x15\x80\x01\x15\xb5\x01\x15\xb8\x01\x15\xdd\x01\x16\x00\x01\x16\x44\x01\x16\x50\x01\x16\x59\x01\x16\x60\x01\x16\x6c\x01\x16\x80\x01\x16\xb9\x01\x16\xc0\x01\x16\xc9" +
	"\x01\x16\xd0\x01\x16\xe3\x01\x17\x00\x01\x17\x1a\x01\x17\x1d\x01\x17\x2b\x01\x17\x30\x01\x17\x46\x01\x18\x00\x01\x18\x3b\x01\x18\xa0\x01\x18\xf2\x01\x18\xff\x01\x19\x06\x01\x19\x09\x01\x19\x09" +
	"\x01\x19\x0c\x01\x19\x13\x01\x19\x15\x01\x19\x16\x01\x19\x18\x01\x19\x35\x01\x19\x37\x01\x19\x38\x01\x19\x3b\x01\x19\x46\x01\x19\x50\x01\x19\x59\x01\x19\xa0\x01\x19\xa7\x01\x19\xaa\x01\x19\xd7" +
	"\x01\x19\xda\x01\x19\xe4\x01\x1a\x00\x01\x1a\x47\x01\x1a\x50\x01\x1a\xa2\x01\x1a\xb0\x01\x1a\xf8\x01\x1b\x00\x01\x1b\x09\x01\x1b\x60\x01\x1b\x67\x01\x1b\xc0\x01\x1b\xe1\x01\x1b\xf0\x01\x1b\xf9" +
	"\x01\x1c\x00\x01\x1c\x08\x01\x1c\x0a\x01\x1c\x36\x01\x1c\x38\x01\x1c\x45\x01\x1c\x50\x01\x1c\x6c\x01\x1c\x70\x01\x1c\x8f\x01\x1c\x92\x01\x1c\xa7\x01\x1c\xa9\x01\x1c\xb6\x01\x1d\x00\x01\x1d\x06" +
	"\x01\x1d\x08\x01\x1d\x09\x01\x1d\x0b\x01\x1d\x36\x01\x1d\x3a\x01\x1d\x3a\x01\x1d\x3c\x01\x1d\x3d\x01\x1d\x3f\x01\x1d\x47\x01\x1d\x50\x01\x1d\x59\x01\x1d\x60\x01\x1d\x65\x01\x1d\x67\x01\x1d\x68" +
	"\x01\x1d\x6a\x01\x1d\x8e\x01\x1d\x90\x01\x1d\x91\x01\x1d\x93\x01\x1d\x98\x01\x1d\xa0\x01\x1d\xa9\x01\x1d\xb0\x01\x1d\xdb\x01\x1d\xe0\x01\x1d\xe9\x01\x1e\xe0\x01\x1e\xf8\x01\x1f\x00\x01\x1f\x10" +
	"\x01\x1f\x12\x01\x1f\x3a\x01\x1f\x3e\x01\x1f\x5a\x01\x1f\xb0\x01\x1f\xb0\x01\x1f\xc0\x01\x1f\xf1\x01\x1f\xff\x01\x23\x99\x01\x24\x00\x01\x24\x6e\x01\x24\x70\x01\x24\x74\x01\x24\x80\x01\x25\x43" +
	"\x01\x2f\x90\x01\x2f\xf2\x01\x30\x00\x01\x34\x2f\x01\x34\x40\x01\x34\x55\x01\x34\x60\x01\x43\xfa\x01\x44\x00\x01\x46\x46\x01\x61\x00\x01\x61\x39\x01\x68\x00\x01\x6a\x38\x01\x6a\x40\x01\x6a\x5e" +
	"\x01\x6a\x60\x01\x6a\x69\x01\x6a\x6e\x01\x6a\xbe\x01\x6a\xc0\x01\x6a\xc9\x01\x6a\xd0\x01\x6a\xed\x01\x6a\xf0\x01\x6a\xf5\x01\x6b\x00\x01\x6b\x45\x01\x6b\x50\x01\x6b\x59\x01\x6b\x5b\x01\x6b\x61" +
	"\x01\x6b\x63\x01\x6b\x77\x01\x6b\x7d\x01\x6b\x8f\x01\x6d\x40\x01\x6d\x79\x01\x6e\x40\x01\x6e\x9a\x01\x6e\xa0\x01\x6e\xb8\x01\x6e\xbb\x01\x6e\xd3\x01\x6f\x00\x01\x6f\x4a\x01\x6f\x4f\x01\x6f\x87" +
	"\x01\x6f\x8f\x01\x6f\x9f\x01\x6f\xe0\x01\x6f\xe4\x01\x6f\xf0\x01\x6f\xf6\x01\x70\x00\x01\x8c\xd5\x01\x8c\xff\x01\x8d\x1e\x01\x8d\x80\x01\x8d\xf2\x01\xaf\xf0\x01\xaf\xf3\x01\xaf\xf5\x01\xaf\xfb" +
	"\x01\xaf\xfd\x01\xaf\xfe\x01\xb0\x00\x01\xb1\x22\x01\xb1\x32\x01\xb1\x32\x01\xb1\x50\x01\xb1\x52\x01\xb1\x55\x01\xb1\x55\x01\xb1\x64\x01\xb1\x67\x01\xb1\x70\x01\xb2\xfb\x01\xbc\x00\x01\xbc\x6a" +
	"\x01\xbc\x70\x01\xbc\x7c\x01\xbc\x80\x01\xbc\x88\x01\xbc\x90\x01\xbc\x99\x01\xbc\x9c\x01\xbc\x9f\x01\xcc\x00\x01\xcc\xfc\x01\xcd\x00\x01\xce\xb3\x01\xce\xba\x01\xce\xd0\x01\xce\xe0\x01\xce\xf0" +
	"\x01\xcf\x00\x01\xcf\x2d\x01\xcf\x30\x01\xcf\x46\x01\xcf\x50\x01\xcf\xc3\x01\xd0\x00\x01\xd0\xf5\x01\xd1\x00\x01\xd1\x26\x01\xd1\x29\x01\xd1\x72\x01\xd1\x7b\x01\xd1\xea\x01\xd2\x00\x01\xd2\x45" +
	"\x01\xd2\xc0\x01\xd2\xd3\x01\xd2\xe0\x01\xd2\xf3\x01\xd3\x00\x01\xd3\x56\x01\xd3\x60\x01\xd3\x78\x01\xd4\x00\x01\xd4\x54\x01\xd4\x56\x01\xd4\x9c\x01\xd4\x9e\x01\xd4\x9f\x01\xd4\xa2\x01\xd4\xa2" +
	"\x01\xd4\xa5\x01\xd4\xa6\x01\xd4\xa9\x01\xd4\xac\x01\xd4\xae\x01\xd4\xb9\x01\xd4\xbb\x01\xd4\xbb\x01\xd4\xbd\x01\xd4\xc3\x01\xd4\xc5\x01\xd5\x05\x01\xd5\x07\x01\xd5\x0a\x01\xd5\x0d\x01\xd5\x14" +
	"\x01\xd5\x16\x01\xd5\x1c\x01\xd5\x1e\x01\xd5\x39\x01\xd5\x3b\x01\xd5\x3e\x01\xd5\x40\x01\xd5\x44\x01\xd5\x46\x01\xd5\x46\x01\xd5\x4a\x01\xd5\x50\x01\xd5\x52\x01\xd6\xa5\x01\xd6\xa8\x01\xd7\xcb" +
	"\x01\xd7\xce\x01\xda\x8b\x01\xda\x9b\x01\xda\x9f\x01\xda\xa1\x01\xda\xaf\x01\xdf\x00\x01\xdf\x1e\x01\xdf\x25\x01\xdf\x2a\x01\xe0\x00\x01\xe0\x06\x01\xe0\x08\x01\xe0\x18\x01\xe0\x1b\x01\xe0\x21" +
	"\x01\xe0\x23\x01\xe0\x24\x01\xe0\x26\x01\xe0\x2a\x01\xe0\x30\x01\xe0\x6d\x01\xe0\x8f\x01\xe0\x8f\x01\xe1\x00\x01\xe1\x2c\x01\xe1\x30\x01\xe1\x3d\x01\xe1\x40\x01\xe1\x49\x01\xe1\x4e\x01\xe1\x4f" +
	"\x01\xe2\x90\x01\xe2\xae\x01\xe2\xc0\x01\xe2\xf9\x01\xe2\xff\x01\xe2\xff\x01\xe4\xd0\x01\xe4\xf9\x01\xe5\xd0\x01\xe5\xfa\x01\xe5\xff\x01\xe5\xff\x01\xe6\xc0\x01\xe6\xde\x01\xe6\xe0\x01\xe6\xf5" +
	"\x01\xe6\xfe\x01\xe6\xff\x01\xe7\xe0\x01\xe7\xe6\x01\xe7\xe8\x01\xe7\xeb\x01\xe7\xed\x01\xe7\xee\x01\xe7\xf0\x01\xe7\xfe\x01\xe8\x00\x01\xe8\xc4\x01\xe8\xc7\x01\xe8\xd6\x01\xe9\x00\x01\xe9\x4b" +
	"\x01\xe9\x50\x01\xe9\x59\x01\xe9\x5e\x01\xe9\x5f\x01\xec\x71\x01\xec\xb4\x01\xed\x01\x01\xed\x3d\x01\xee\x00\x01\xee\x03\x01\xee\x05\x01\xee\x1f\x01\xee\x21\x01\xee\x22\x01\xee\x24\x01\xee\x24" +
	"\x01\xee\x27\x01\xee\x27\x01\xee\x29\x01\xee\x32\x01\xee\x34\x01\xee\x37\x01\xee\x39\x01\xee\x39\x01\xee\x3b\x01\xee\x3b\x01\xee\x42\x01\xee\x42\x01\xee\x47\x01\xee\x47\x01\xee\x49\x01\xee\x49" +
	"\x01\xee\x4b\x01\xee\x4b\x01\xee\x4d\x01\xee\x4f\x01\xee\x51\x01\xee\x52\x01\xee\x54\x01\xee\x54\x01\xee\x57\x01\xee\x57\x01\xee\x59\x01\xee\x59\x01\xee\x5b\x01\xee\x5b\x01\xee\x5d\x01\xee\x5d" +
	"\x01\xee\x5f\x01\xee\x5f\x01\xee\x61\x01\xee\x62\x01\xee\x64\x01\xee\x64\x01\xee\x67\x01\xee\x6a\x01\xee\x6c\x01\xee\x72\x01\xee\x74\x01\xee\x77\x01\xee\x79\x01\xee\x7c\x01\xee\x7e\x01\xee\x7e" +
	"\x01\xee\x80\x01\xee\x89\x01\xee\x8b\x01\xee\x9b\x01\xee\xa1\x01\xee\xa3\x01\xee\xa5\x01\xee\xa9\x01\xee\xab\x01\xee\xbb\x01\xee\xf0\x01\xee\xf1\x01\xf0\x00\x01\xf0\x2b\x01\xf0\x30\x01\xf0\x93" +
	"\x01\xf0\xa0\x01\xf0\xae\x01\xf0\xb1\x01\xf0\xbf\x01\xf0\xc1\x01\xf0\xcf\x01\xf0\xd1\x01\xf0\xf5\x01\xf1\x00\x01\xf1\xad\x01\xf1\xe6\x01\xf2\x02\x01\xf2\x10\x01\xf2\x3b\x01\xf2\x40\x01\xf2\x48" +
	"\x01\xf2\x50\x01\xf2\x51\x01\xf2\x60\x01\xf2\x65\x01\xf3\x00\x01\xf6\xd8\x01\xf6\xdc\x01\xf6\xec\x01\xf6\xf0\x01\xf6\xfc\x01\xf7\x00\x01\xf7\xd9\x01\xf7\xe0\x01\xf7\xeb\x01\xf7\xf0\x01\xf7\xf0" +
	"\x01\xf8\x00\x01\xf8\x0b\x01\xf8\x10\x01\xf8\x47\x01\xf8\x50\x01\xf8\x59\x01\xf8\x60\x01\xf8\x87\x01\xf8\x90\x01\xf8\xad\x01\xf8\xb0\x01\xf8\xbb\x01\xf8\xc0\x01\xf8\xc1\x01\xf8\xd0\x01\xf8\xd8" +
	"\x01\xf9\x00\x01\xfa\x57\x01\xfa\x60\x01\xfa\x6d\x01\xfa\x70\x01\xfa\x7c\x01\xfa\x80\x01\xfa\x8a\x01\xfa\x8e\x01\xfa\xc6\x01\xfa\xc8\x01\xfa\xc8\x01\xfa\xcd\x01\xfa\xdc\x01\xfa\xdf\x01\xfa\xea" +
	"\x01\xfa\xef\x01\xfa\xf8\x01\xfb\x00\x01\xfb\x92\x01\xfb\x94\x01\xfb\xfa\x02\x00\x00\x02\xa6\xdf\x02\xa7\x00\x02\xb8\x1d\x02\xb8\x20\x02\xce\xad\x02\xce\xb0\x02\xeb\xe0\x02\xeb\xf0\x02\xee\x5d" +
	"\x02\xf8\x00\x02\xfa\x1d\x03\x00\x00\x03\x13\x4a\x03\x13\x50\x03\x34\x79\x0e\x01\x00\x0e\x01\xef" +
	""

const caseTable = "" +
	"\x00\x00\x41\x00\x00\x5a\x00\x00\x20\x00\x00\x00\x00\x00\x00\x00\x00\x61\x00\x00\x7a\x00\x00\x00\xff\xff\xe0\xff\xff\xe0\x00\x00\xb5\x00\x00\xb5\x00\x00\x00\x00\x02\xe7\x00\x02\xe7\x00\x00\xc0" +
	"\x00\x00\xd6\x00\x00\x20\x00\x00\x00\x00\x00\x00\x00\x00\xd8\x00\x00\xde\x00\x00\x20\x00\x00\x00\x00\x00\x00\x00\x00\xe0\x00\x00\xf6\x00\x00\x00\xff\xff\xe0\xff\xff\xe0\x00\x00\xf8\x00\x00\xfe" +
	"\x00\x00\x00\xff\xff\xe0\xff\xff\xe0\x00\x00\xff\x00\x00\xff\x00\x00\x00\x00\x00\x79\x00\x00\x79\x00\x01\x00\x00\x01\x2f\x7f\xff\xff\x7f\xff\xff\x7f\xff\xff\x00\x01\x30\x00\x01\x30\xff\xff\x39" +
	"\x00\x00\x00\x00\x00\x00\x00\x01\x31\x00\x01\x31\x00\x00\x00\xff\xff\x18\xff\xff\x18\x00\x01\x32\x00\x01\x37\x7f\xff\xff\x7f\xff\xff\x7f\xff\xff\x00\x01\x39\x00\x01\x48\x7f\xff\xff\x7f\xff\xff" +
	"\x7f\xff\xff\x00\x01\x4a\x00\x01\x77\x7f\xff\xff\x7f\xff\xff\x7f\xff\xff\x00\x01\x78\x00\x01\x78\xff\xff\x87\x00\x00\x00\x00\x00\x00\x00\x01\x79\x00\x01\x7e\x7f\xff\xff\x7f\xff\xff\x7f\xff\xff" +
	"\x00\x01\x7f\x00\x01\x7f\x00\x00\x00\xff\xfe\xd4\xff\xfe\xd4\x00\x01\x80\x00\x01\x80\x00\x00\x00\x00\x00\xc3\x00\x00\xc3\x00\x01\x81\x00\x01\x81\x00\x00\xd2\x00\x00\x00\x00\x00\x00\x00\x01\x82" +
	"\x00\x01\x85\x7f\xff\xff\x7f\xff\xff\x7f\xff\xff\x00\x01\x86\x00\x01\x86\x00\x00\xce\x00\x00\x00\x00\x00\x00\x00\x01\x87\x00\x01\x88\x7f\xff\xff\x7f\xff\xff\x7f\xff\xff\x00\x01\x89\x00\x01\x8a" +
	"\x00\x00\xcd\x00\x00\x00\x00\x00\x00\x00\x01\x8b\x00\x01\x8c\x7f\xff\xff\x7f\xff\xff\x7f\xff\xff\x00\x01\x8e\x00\x01\x8e\x00\x00\x4f\x00\x00\x00\x00\x00\x00\x00\x01\x8f\x00\x01\x8f\x00\x00\xca" +
	"\x00\x00\x00\x00\x00\x00\x00\x01\x90\x00\x01\x90\x00\x00\xcb\x00\x00\x00\x00\x00\x00\x00\x01\x91\x00\x01\x92\x7f\xff\xff\x7f\xff\xff\x7f\xff\xff\x00\x01\x93\x00\x01\x93\x00\x00\xcd\x00\x00\x00" +
	"\x00\x00\x00\x00\x01\x94\x00\x01\x94\x00\x00\xcf\x00\x00\x00\x00\x00\x00\x00\x01\x95\x00\x01\x95\x00\x00\x00\x00\x00\x61\x00\x00\x61\x00\x01\x96\x00\x01\x96\x00\x00\xd3\x00\x00\x00\x00\x00\x00" +
	"\x00\x01\x97\x00\x01\x97\x00\x00\xd1\x00\x00\x00\x00\x00\x00\x00\x01\x98\x00\x01\x99\x7f\xff\xff\x7f\xff\xff\x7f\xff\xff\x00\x01\x9a\x00\x01\x9a\x00\x00\x00\x00\x00\xa3\x00\x00\xa3\x00\x01\x9b" +
	"\x00\x01\x9b\x00\x00\x00\x00\xa6\x41\x00\xa6\x41\x00\x01\x9c\x00\x01\x9c\x00\x00\xd3\x00\x00\x00\x00\x00\x00\x00\x01\x9d\x00\x01\x9d\x00\x00\xd5\x00\x00\x00\x00\x00\x00\x00\x01\x9e\x00\x01\x9e" +
	"\x00\x00\x00\x00\x00\x82\x00\x00\x82\x00\x01\x9f\x00\x01\x9f\x00\x00\xd6\x00\x00\x00\x00\x00\x00\x00\x01\xa0\x00\x01\xa5\x7f\xff\xff\x7f\xff\xff\x7f\xff\xff\x00\x01\xa6\x00\x01\xa6\x00\x00\xda" +
	"\x00\x00\x00\x00\x00\x00\x00\x01\xa7\x00\x01\xa8\x7f\xff\xff\x7f\xff\xff\x7f\xff\xff\x00\x01\xa9\x00\x01\xa9\x00\x00\xda\x00\x00\x00\x00\x00\x00\x00\x01\xac\x00\x01\xad\x7f\xff\xff\x7f\xff\xff" +
	"\x7f\xff\xff\x00\x01\xae\x00\x01\xae\x00\x00\xda\x00\x00\x00\x00\x00\x00\x00\x01\xaf\x00\x01\xb0\x7f\xff\xff\x7f\xff\xff\x7f\xff\xff\x00\x01\xb1\x00\x01\xb2\x00\x00\xd9\x00\x00\x00\x00\x00\x00" +
	"\x00\x01\xb3\x00\x01\xb6\x7f\xff\xff\x7f\xff\xff\x7f\xff\xff\x00\x01\xb7\x00\x01\xb7\x00\x00\xdb\x00\x00\x00\x00\x00\x00\x00\x01\xb8\x00\x01\xb9\x7f\xff\xff\x7f\xff\xff\x7f\xff\xff\x00\x01\xbc" +
	"\x00\x01\xbd\x7f\xff\xff\x7f\xff\xff\x7f\xff\xff\x00\x01\xbf\x00\x01\xbf\x00\x00\x00\x00\x00\x38\x00\x00\x38\x00\x01\xc4\x00\x01\xc4\x00\x00\x02\x00\x00\x00\x00\x00\x01\x00\x01\xc5\x00\x01\xc5" +
	"\x00\x00\x01\xff\xff\xff\x00\x00\x00\x00\x01\xc6\x00\x01\xc6\x00\x00\x00\xff\xff\xfe\xff\xff\xff\x00\x01\xc7\x00\x01\xc7\x00\x00\x02\x00\x00\x00\x00\x00\x01\x00\x01\xc8\x00\x01\xc8\x00\x00\x01" +
	"\xff\xff\xff\x00\x00\x00\x00\x01\xc9\x00\x01\xc9\x00\x00\x00\xff\xff\xfe\xff\xff\xff\x00\x01\xca\x00\x01\xca\x00\x00\x02\x00\x00\x00\x00\x00\x01\x00\x01\xcb\x00\x01\xcb\x00\x00\x01\xff\xff\xff" +
	"\x00\x00\x00\x00\x01\xcc\x00\x01\xcc\x00\x00\x00\xff\xff\xfe\xff\xff\xff\x00\x01\xcd\x00\x01\xdc\x7f\xff\xff\x7f\xff\xff\x7f\xff\xff\x00\x01\xdd\x00\x01\xdd\x00\x00\x00\xff\xff\xb1\xff\xff\xb1" +
	"\x00\x01\xde\x00\x01\xef\x7f\xff\xff\x7f\xff\xff\x7f\xff\xff\x00\x01\xf1\x00\x01\xf1\x00\x00\x02\x00\x00\x00\x00\x00\x01\x00\x01\xf2\x00\x01\xf2\x00\x00\x01\xff\xff\xff\x00\x00\x00\x00\x01\xf3" +
	"\x00\x01\xf3\x00\x00\x00\xff\xff\xfe\xff\xff\xff\x00\x01\xf4\x00\x01\xf5\x7f\xff\xff\x7f\xff\xff\x7f\xff\xff\x00\x01\xf6\x00\x01\xf6\xff\xff\x9f\x00\x00\x00\x00\x00\x00\x00\x01\xf7\x00\x01\xf7" +
	"\xff\xff\xc8\x00\x00\x00\x00\x00\x00\x00\x01\xf8\x00\x02\x1f\x7f\xff\xff\x7f\xff\xff\x7f\xff\xff\x00\x02\x20\x00\x02\x20\xff\xff\x7e\x00\x00\x00\x00\x00\x00\x00\x02\x22\x00\x02\x33\x7f\xff\xff" +
	"\x7f\xff\xff\x7f\xff\xff\x00\x02\x3a\x00\x02\x3a\x00\x2a\x2b\x00\x00\x00\x00\x00\x00\x00\x02\x3b\x00\x02\x3c\x7f\xff\xff\x7f\xff\xff\x7f\xff\xff\x00\x02\x3d\x00\x02\x3d\xff\xff\x5d\x00\x00\x00" +
	"\x00\x00\x00\x00\x02\x3e\x00\x02\x3e\x00\x2a\x28\x00\x00\x00\x00\x00\x00\x00\x02\x3f\x00\x02\x40\x00\x00\x00\x00\x2a\x3f\x00\x2a\x3f\x00\x02\x41\x00\x02\x42\x7f\xff\xff\x7f\xff\xff\x7f\xff\xff" +
	"\x00\x02\x43\x00\x02\x43\xff\xff\x3d\x00\x00\x00\x00\x00\x00\x00\x02\x44\x00\x02\x44\x00\x00\x45\x00\x00\x00\x00\x00\x00\x00\x02\x45\x00\x02\x45\x00\x00\x47\x00\x00\x00\x00\x00\x00\x00\x02\x46" +
	"\x00\x02\x4f\x7f\xff\xff\x7f\xff\xff\x7f\xff\xff\x00\x02\x50\x00\x02\x50\x00\x00\x00\x00\x2a\x1f\x00\x2a\x1f\x00\x02\x51\x00\x02\x51\x00\x00\x00\x00\x2a\x1c\x00\x2a\x1c\x00\x02\x52\x00\x02\x52" +
	"\x00\x00\x00\x00\x2a\x1e\x00\x2a\x1e\x00\x02\x53\x00\x02\x53\x00\x00\x00\xff\xff\x2e\xff\xff\x2e\x00\x02\x54\x00\x02\x54\x00\x00\x00\xff\xff\x32\xff\xff\x32\x00\x02\x56\x00\x02\x57\x00\x00\x00" +
	"\xff\xff\x33\xff\xff\x33\x00\x02\x59\x00\x02\x59\x00\x00\x00\xff\xff\x36\xff\xff\x36\x00\x02\x5b\x00\x02\x5b\x00\x00\x00\xff\xff\x35\xff\xff\x35\x00\x02\x5c\x00\x02\x5c\x00\x00\x00\x00\xa5\x4f" +
	"\x00\xa5\x4f\x00\x02\x60\x00\x02\x60\x00\x00\x00\xff\xff\x33\xff\xff\x33\x00\x02\x61\x00\x02\x61\x00\x00\x00\x00\xa5\x4b\x00\xa5\x4b\x00\x02\x63\x00\x02\x63\x00\x00\x00\xff\xff\x31\xff\xff\x31" +
	"\x00\x02\x64\x00\x02\x64\x00\x00\x00\x00\xa5\x67\x00\xa5\x67\x00\x02\x65\x00\x02\x65\x00\x00\x00\x00\xa5\x28\x00\xa5\x28\x00\x02\x66\x00\x02\x66\x00\x00\x00\x00\xa5\x44\x00\xa5\x44\x00\x02\x68" +
	"\x00\x02\x68\x00\x00\x00\xff\xff\x2f\xff\xff\x2f\x00\x02\x69\x00\x02\x69\x00\x00\x00\xff\xff\x2d\xff\xff\x2d\x00\x02\x6a\x00\x02\x6a\x00\x00\x00\x00\xa5\x44\x00\xa5\x44\x00\x02\x6b\x00\x02\x6b" +
	"\x00\x00\x00\x00\x29\xf7\x00\x29\xf7\x00\x02\x6c\x00\x02\x6c\x00\x00\x00\x00\xa5\x41\x00\xa5\x41\x00\x02\x6f\x00\x02\x6f\x00\x00\x00\xff\xff\x2d\xff\xff\x2d\x00\x02\x71\x00\x02\x71\x00\x00\x00" +
	"\x00\x29\xfd\x00\x29\xfd\x00\x02\x72\x00\x02\x72\x00\x00\x00\xff\xff\x2b\xff\xff\x2b\x00\x02\x75\x00\x02\x75\x00\x00\x00\xff\xff\x2a\xff\xff\x2a\x00\x02\x7d\x00\x02\x7d\x00\x00\x00\x00\x29\xe7" +
	"\x00\x29\xe7\x00\x02\x80\x00\x02\x80\x00\x00\x00\xff\xff\x26\xff\xff\x26\x00\x02\x82\x00\x02\x82\x00\x00\x00\x00\xa5\x43\x00\xa5\x43\x00\x02\x83\x00\x02\x83\x00\x00\x00\xff\xff\x26\xff\xff\x26" +
	"\x00\x02\x87\x00\x02\x87\x00\x00\x00\x00\xa5\x2a\x00\xa5\x2a\x00\x02\x88\x00\x02\x88\x00\x00\x00\xff\xff\x26\xff\xff\x26\x00\x02\x89\x00\x02\x89\x00\x00\x00\xff\xff\xbb\xff\xff\xbb\x00\x02\x8a" +
	"\x00\x02\x8b\x00\x00\x00\xff\xff\x27\xff\xff\x27\x00\x02\x8c\x00\x02\x8c\x00\x00\x00\xff\xff\xb9\xff\xff\xb9\x00\x02\x92\x00\x02\x92\x00\x00\x00\xff\xff\x25\xff\xff\x25\x00\x02\x9d\x00\x02\x9d" +
	"\x00\x00\x00\x00\xa5\x15\x00\xa5\x15\x00\x02\x9e\x00\x02\x9e\x00\x00\x00\x00\xa5\x12\x00\xa5\x12\x00\x03\x45\x00\x03\x45\x00\x00\x00\x00\x00\x54\x00\x00\x54\x00\x03\x70\x00\x03\x73\x7f\xff\xff" +
	"\x7f\xff\xff\x7f\xff\xff\x00\x03\x76\x00\x03\x77\x7f\xff\xff\x7f\xff\xff\x7f\xff\xff\x00\x03\x7b\x00\x03\x7d\x00\x00\x00\x00\x00\x82\x00\x00\x82\x00\x03\x7f\x00\x03\x7f\x00\x00\x74\x00\x00\x00" +
	"\x00\x00\x00\x00\x03\x86\x00\x03\x86\x00\x00\x26\x00\x00\x00\x00\x00\x00\x00\x03\x88\x00\x03\x8a\x00\x00\x25\x00\x00\x00\x00\x00\x00\x00\x03\x8c\x00\x03\x8c\x00\x00\x40\x00\x00\x00\x00\x00\x00" +
	"\x00\x03\x8e\x00\x03\x8f\x00\x00\x3f\x00\x00\x00\x00\x00\x00\x00\x03\x91\x00\x03\xa1\x00\x00\x20\x00\x00\x00\x00\x00\x00\x00\x03\xa3\x00\x03\xab\x00\x00\x20\x00\x00\x00\x00\x00\x00\x00\x03\xac" +
	"\x00\x03\xac\x00\x00\x00\xff\xff\xda\xff\xff\xda\x00\x03\xad\x00\x03\xaf\x00\x00\x00\xff\xff\xdb\xff\xff\xdb\x00\x03\xb1\x00\x03\xc1\x00\x00\x00\xff\xff\xe0\xff\xff\xe0\x00\x03\xc2\x00\x03\xc2" +
	"\x00\x00\x00\xff\xff\xe1\xff\xff\xe1\x00\x03\xc3\x00\x03\xcb\x00\x00\x00\xff\xff\xe0\xff\xff\xe0\x00\x03\xcc\x00\x03\xcc\x00\x00\x00\xff\xff\xc0\xff\xff\xc0\x00\x03\xcd\x00\x03\xce\x00\x00\x00" +
	"\xff\xff\xc1\xff\xff\xc1\x00\x03\xcf\x00\x03\xcf\x00\x00\x08\x00\x00\x00\x00\x00\x00\x00\x03\xd0\x00\x03\xd0\x00\x00\x00\xff\xff\xc2\xff\xff\xc2\x00\x03\xd1\x00\x03\xd1\x00\x00\x00\xff\xff\xc7" +
	"\xff\xff\xc7\x00\x03\xd5\x00\x03\xd5\x00\x00\x00\xff\xff\xd1\xff\xff\xd1\x00\x03\xd6\x00\x03\xd6\x00\x00\x00\xff\xff\xca\xff\xff\xca\x00\x03\xd7\x00\x03\xd7\x00\x00\x00\xff\xff\xf8\xff\xff\xf8" +
	"\x00\x03\xd8\x00\x03\xef\x7f\xff\xff\x7f\xff\xff\x7f\xff\xff\x00\x03\xf0\x00\x03\xf0\x00\x00\x00\xff\xff\xaa\xff\xff\xaa\x00\x03\xf1\x00\x03\xf1\x00\x00\x00\xff\xff\xb0\xff\xff\xb0\x00\x03\xf2" +
	"\x00\x03\xf2\x00\x00\x00\x00\x00\x07\x00\x00\x07\x00\x03\xf3\x00\x03\xf3\x00\x00\x00\xff\xff\x8c\xff\xff\x8c\x00\x03\xf4\x00\x03\xf4\xff\xff\xc4\x00\x00\x00\x00\x00\x00\x00\x03\xf5\x00\x03\xf5" +
	"\x00\x00\x00\xff\xff\xa0\xff\xff\xa0\x00\x03\xf7\x00\x03\xf8\x7f\xff\xff\x7f\xff\xff\x7f\xff\xff\x00\x03\xf9\x00\x03\xf9\xff\xff\xf9\x00\x00\x00\x00\x00\x00\x00\x03\xfa\x00\x03\xfb\x7f\xff\xff" +
	"\x7f\xff\xff\x7f\xff\xff\x00\x03\xfd\x00\x03\xff\xff\xff\x7e\x00\x00\x00\x00\x00\x00\x00\x04\x00\x00\x04\x0f\x00\x00\x50\x00\x00\x00\x00\x00\x00\x00\x04\x10\x00\x04\x2f\x00\x00\x20\x00\x00\x00" +
	"\x00\x00\x00\x00\x04\x30\x00\x04\x4f\x00\x00\x00\xff\xff\xe0\xff\xff\xe0\x00\x04\x50\x00\x04\x5f\x00\x00\x00\xff\xff\xb0\xff\xff\xb0\x00\x04\x60\x00\x04\x81\x7f\xff\xff\x7f\xff\xff\x7f\xff\xff" +
	"\x00\x04\x8a\x00\x04\xbf\x7f\xff\xff\x7f\xff\xff\x7f\xff\xff\x00\x04\xc0\x00\x04\xc0\x00\x00\x0f\x00\x00\x00\x00\x00\x00\x00\x04\xc1\x00\x04\xce\x7f\xff\xff\x7f\xff\xff\x7f\xff\xff\x00\x04\xcf" +
	"\x00\x04\xcf\x00\x00\x00\xff\xff\xf1\xff\xff\xf1\x00\x04\xd0\x00\x05\x2f\x7f\xff\xff\x7f\xff\xff\x7f\xff\xff\x00\x05\x31\x00\x05\x56\x00\x00\x30\x00\x00\x00\x00\x00\x00\x00\x05\x61\x00\x05\x86" +
	"\x00\x00\x00\xff\xff\xd0\xff\xff\xd0\x00\x10\xa0\x00\x10\xc5\x00\x1c\x60\x00\x00\x00\x00\x00\x00\x00\x10\xc7\x00\x10\xc7\x00\x1c\x60\x00\x00\x00\x00\x00\x00\x00\x10\xcd\x00\x10\xcd\x00\x1c\x60" +
	"\x00\x00\x00\x00\x00\x00\x00\x10\xd0\x00\x10\xfa\x00\x00\x00\x00\x0b\xc0\x00\x00\x00\x00\x10\xfd\x00\x10\xff\x00\x00\x00\x00\x0b\xc0\x00\x00\x00\x00\x13\xa0\x00\x13\xef\x00\x97\xd0\x00\x00\x00" +
	"\x00\x00\x00\x00\x13\xf0\x00\x13\xf5\x00\x00\x08\x00\x00\x00\x00\x00\x00\x00\x13\xf8\x00\x13\xfd\x00\x00\x00\xff\xff\xf8\xff\xff\xf8\x00\x1c\x80\x00\x1c\x80\x00\x00\x00\xff\xe7\x92\xff\xe7\x92" +
	"\x00\x1c\x81\x00\x1c\x81\x00\x00\x00\xff\xe7\x93\xff\xe7\x93\x00\x1c\x82\x00\x1c\x82\x00\x00\x00\xff\xe7\x9c\xff\xe7\x9c\x00\x1c\x83\x00\x1c\x84\x00\x00\x00\xff\xe7\x9e\xff\xe7\x9e\x00\x1c\x85" +
	"\x00\x1c\x85\x00\x00\x00\xff\xe7\x9d\xff\xe7\x9d\x00\x1c\x86\x00\x1c\x86\x00\x00\x00\xff\xe7\xa4\xff\xe7\xa4\x00\x1c\x87\x00\x1c\x87\x00\x00\x00\xff\xe7\xdb\xff\xe7\xdb\x00\x1c\x88\x00\x1c\x88" +
	"\x00\x00\x00\x00\x89\xc2\x00\x89\xc2\x00\x1c\x89\x00\x1c\x8a\x7f\xff\xff\x7f\xff\xff\x7f\xff\xff\x00\x1c\x90\x00\x1c\xba\xff\xf4\x40\x00\x00\x00\x00\x00\x00\x00\x1c\xbd\x00\x1c\xbf\xff\xf4\x40" +
	"\x00\x00\x00\x00\x00\x00\x00\x1d\x79\x00\x1d\x79\x00\x00\x00\x00\x8a\x04\x00\x8a\x04\x00\x1d\x7d\x00\x1d\x7d\x00\x00\x00\x00\x0e\xe6\x00\x0e\xe6\x00\x1d\x8e\x00\x1d\x8e\x00\x00\x00\x00\x8a\x38" +
	"\x00\x8a\x38\x00\x1e\x00\x00\x1e\x95\x7f\xff\xff\x7f\xff\xff\x7f\xff\xff\x00\x1e\x9b\x00\x1e\x9b\x00\x00\x00\xff\xff\xc5\xff\xff\xc5\x00\x1e\x9e\x00\x1e\x9e\xff\xe2\x41\x00\x00\x00\x00\x00\x00" +
	"\x00\x1e\xa0\x00\x1e\xff\x7f\xff\xff\x7f\xff\xff\x7f\xff\xff\x00\x1f\x00\x00\x1f\x07\x00\x00\x00\x00\x00\x08\x00\x00\x08\x00\x1f\x08\x00\x1f\x0f\xff\xff\xf8\x00\x00\x00\x00\x00\x00\x00\x1f\x10" +
	"\x00\x1f\x15\x00\x00\x00\x00\x00\x08\x00\x00\x08\x00\x1f\x18\x00\x1f\x1d\xff\xff\xf8\x00\x00\x00\x00\x00\x00\x00\x1f\x20\x00\x1f\x27\x00\x00\x00\x00\x00\x08\x00\x00\x08\x00\x1f\x28\x00\x1f\x2f" +
	"\xff\xff\xf8\x00\x00\x00\x00\x00\x00\x00\x1f\x30\x00\x1f\x37\x00\x00\x00\x00\x00\x08\x00\x00\x08\x00\x1f\x38\x00\x1f\x3f\xff\xff\xf8\x00\x00\x00\x00\x00\x00\x00\x1f\x40\x00\x1f\x45\x00\x00\x00" +
	"\x00\x00\x08\x00\x00\x08\x00\x1f\x48\x00\x1f\x4d\xff\xff\xf8\x00\x00\x00\x00\x00\x00\x00\x1f\x51\x00\x1f\x51\x00\x00\x00\x00\x00\x08\x00\x00\x08\x00\x1f\x53\x00\x1f\x53\x00\x00\x00\x00\x00\x08" +
	"\x00\x00\x08\x00\x1f\x55\x00\x1f\x55\x00\x00\x00\x00\x00\x08\x00\x00\x08\x00\x1f\x57\x00\x1f\x57\x00\x00\x00\x00\x00\x08\x00\x00\x08\x00\x1f\x59\x00\x1f\x59\xff\xff\xf8\x00\x00\x00\x00\x00\x00" +
	"\x00\x1f\x5b\x00\x1f\x5b\xff\xff\xf8\x00\x00\x00\x00\x00\x00\x00\x1f\x5d\x00\x1f\x5d\xff\xff\xf8\x00\x00\x00\x00\x00\x00\x00\x1f\x5f\x00\x1f\x5f\xff\xff\xf8\x00\x00\x00\x00\x00\x00\x00\x1f\x60" +
	"\x00\x1f\x67\x00\x00\x00\x00\x00\x08\x00\x00\x08\x00\x1f\x68\x00\x1f\x6f\xff\xff\xf8\x00\x00\x00\x00\x00\x00\x00\x1f\x70\x00\x1f\x71\x00\x00\x00\x00\x00\x4a\x00\x00\x4a\x00\x1f\x72\x00\x1f\x75" +
	"\x00\x00\x00\x00\x00\x56\x00\x00\x56\x00\x1f\x76\x00\x1f\x77\x00\x00\x00\x00\x00\x64\x00\x00\x64\x00\x1f\x78\x00\x1f\x79\x00\x00\x00\x00\x00\x80\x00\x00\x80\x00\x1f\x7a\x00\x1f\x7b\x00\x00\x00" +
	"\x00\x00\x70\x00\x00\x70\x00\x1f\x7c\x00\x1f\x7d\x00\x00\x00\x00\x00\x7e\x00\x00\x7e\x00\x1f\x80\x00\x1f\x87\x00\x00\x00\x00\x00\x08\x00\x00\x08\x00\x1f\x88\x00\x1f\x8f\xff\xff\xf8\x00\x00\x00" +
	"\x00\x00\x00\x00\x1f\x90\x00\x1f\x97\x00\x00\x00\x00\x00\x08\x00\x00\x08\x00\x1f\x98\x00\x1f\x9f\xff\xff\xf8\x00\x00\x00\x00\x00\x00\x00\x1f\xa0\x00\x1f\xa7\x00\x00\x00\x00\x00\x08\x00\x00\x08" +
	"\x00\x1f\xa8\x00\x1f\xaf\xff\xff\xf8\x00\x00\x00\x00\x00\x00\x00\x1f\xb0\x00\x1f\xb1\x00\x00\x00\x00\x00\x08\x00\x00\x08\x00\x1f\xb3\x00\x1f\xb3\x00\x00\x00\x00\x00\x09\x00\x00\x09\x00\x1f\xb8" +
	"\x00\x1f\xb9\xff\xff\xf8\x00\x00\x00\x00\x00\x00\x00\x1f\xba\x00\x1f\xbb\xff\xff\xb6\x00\x00\x00\x00\x00\x00\x00\x1f\xbc\x00\x1f\xbc\xff\xff\xf7\x00\x00\x00\x00\x00\x00\x00\x1f\xbe\x00\x1f\xbe" +
	"\x00\x00\x00\xff\xe3\xdb\xff\xe3\xdb\x00\x1f\xc3\x00\x1f\xc3\x00\x00\x00\x00\x00\x09\x00\x00\x09\x00\x1f\xc8\x00\x1f\xcb\xff\xff\xaa\x00\x00\x00\x00\x00\x00\x00\x1f\xcc\x00\x1f\xcc\xff\xff\xf7" +
	"\x00\x00\x00\x00\x00\x00\x00\x1f\xd0\x00\x1f\xd1\x00\x00\x00\x00\x00\x08\x00\x00\x08\x00\x1f\xd8\x00\x1f\xd9\xff\xff\xf8\x00\x00\x00\x00\x00\x00\x00\x1f\xda\x00\x1f\xdb\xff\xff\x9c\x00\x00\x00" +
	"\x00\x00\x00\x00\x1f\xe0\x00\x1f\xe1\x00\x00\x00\x00\x00\x08\x00\x00\x08\x00\x1f\xe5\x00\x1f\xe5\x00\x00\x00\x00\x00\x07\x00\x00\x07\x00\x1f\xe8\x00\x1f\xe9\xff\xff\xf8\x00\x00\x00\x00\x00\x00" +
	"\x00\x1f\xea\x00\x1f\xeb\xff\xff\x90\x00\x00\x00\x00\x00\x00\x00\x1f\xec\x00\x1f\xec\xff\xff\xf9\x00\x00\x00\x00\x00\x00\x00\x1f\xf3\x00\x1f\xf3\x00\x00\x00\x00\x00\x09\x00\x00\x09\x00\x1f\xf8" +
	"\x00\x1f\xf9\xff\xff\x80\x00\x00\x00\x00\x00\x00\x00\x1f\xfa\x00\x1f\xfb\xff\xff\x82\x00\x00\x00\x00\x00\x00\x00\x1f\xfc\x00\x1f\xfc\xff\xff\xf7\x00\x00\x00\x00\x00\x00\x00\x21\x26\x00\x21\x26" +
	"\xff\xe2\xa3\x00\x00\x00\x00\x00\x00\x00\x21\x2a\x00\x21\x2a\xff\xdf\x41\x00\x00\x00\x00\x00\x00\x00\x21\x2b\x00\x21\x2b\xff\xdf\xba\x00\x00\x00\x00\x00\x00\x00\x21\x32\x00\x21\x32\x00\x00\x1c" +
	"\x00\x00\x00\x00\x00\x00\x00\x21\x4e\x00\x21\x4e\x00\x00\x00\xff\xff\xe4\xff\xff\xe4\x00\x21\x60\x00\x21\x6f\x00\x00\x10\x00\x00\x00\x00\x00\x00\x00\x21\x70\x00\x21\x7f\x00\x00\x00\xff\xff\xf0" +
	"\xff\xff\xf0\x00\x21\x83\x00\x21\x84\x7f\xff\xff\x7f\xff\xff\x7f\xff\xff\x00\x24\xb6\x00\x24\xcf\x00\x00\x1a\x00\x00\x00\x00\x00\x00\x00\x24\xd0\x00\x24\xe9\x00\x00\x00\xff\xff\xe6\xff\xff\xe6" +
	"\x00\x2c\x00\x00\x2c\x2f\x00\x00\x30\x00\x00\x00\x00\x00\x00\x00\x2c\x30\x00\x2c\x5f\x00\x00\x00\xff\xff\xd0\xff\xff\xd0\x00\x2c\x60\x00\x2c\x61\x7f\xff\xff\x7f\xff\xff\x7f\xff\xff\x00\x2c\x62" +
	"\x00\x2c\x62\xff\xd6\x09\x00\x00\x00\x00\x00\x00\x00\x2c\x63\x00\x2c\x63\xff\xf1\x1a\x00\x00\x00\x00\x00\x00\x00\x2c\x64\x00\x2c\x64\xff\xd6\x19\x00\x00\x00\x00\x00\x00\x00\x2c\x65\x00\x2c\x65" +
	"\x00\x00\x00\xff\xd5\xd5\xff\xd5\xd5\x00\x2c\x66\x00\x2c\x66\x00\x00\x00\xff\xd5\xd8\xff\xd5\xd8\x00\x2c\x67\x00\x2c\x6c\x7f\xff\xff\x7f\xff\xff\x7f\xff\xff\x00\x2c\x6d\x00\x2c\x6d\xff\xd5\xe4" +
	"\x00\x00\x00\x00\x00\x00\x00\x2c\x6e\x00\x2c\x6e\xff\xd6\x03\x00\x00\x00\x00\x00\x00\x00\x2c\x6f\x00\x2c\x6f\xff\xd5\xe1\x00\x00\x00\x00\x00\x00\x00\x2c\x70\x00\x2c\x70\xff\xd5\xe2\x00\x00\x00" +
	"\x00\x00\x00\x00\x2c\x72\x00\x2c\x73\x7f\xff\xff\x7f\xff\xff\x7f\xff\xff\x00\x2c\x75\x00\x2c\x76\x7f\xff\xff\x7f\xff\xff\x7f\xff\xff\x00\x2c\x7e\x00\x2c\x7f\xff\xd5\xc1\x00\x00\x00\x00\x00\x00" +
	"\x00\x2c\x80\x00\x2c\xe3\x7f\xff\xff\x7f\xff\xff\x7f\xff\xff\x00\x2c\xeb\x00\x2c\xee\x7f\xff\xff\x7f\xff\xff\x7f\xff\xff\x00\x2c\xf2\x00\x2c\xf3\x7f\xff\xff\x7f\xff\xff\x7f\xff\xff\x00\x2d\x00" +
	"\x00\x2d\x25\x00\x00\x00\xff\xe3\xa0\xff\xe3\xa0\x00\x2d\x27\x00\x2d\x27\x00\x00\x00\xff\xe3\xa0\xff\xe3\xa0\x00\x2d\x2d\x00\x2d\x2d\x00\x00\x00\xff\xe3\xa0\xff\xe3\xa0\x00\xa6\x40\x00\xa6\x6d" +
	"\x7f\xff\xff\x7f\xff\xff\x7f\xff\xff\x00\xa6\x80\x00\xa6\x9b\x7f\xff\xff\x7f\xff\xff\x7f\xff\xff\x00\xa7\x22\x00\xa7\x2f\x7f\xff\xff\x7f\xff\xff\x7f\xff\xff\x00\xa7\x32\x00\xa7\x6f\x7f\xff\xff" +
	"\x7f\xff\xff\x7f\xff\xff\x00\xa7\x79\x00\xa7\x7c\x7f\xff\xff\x7f\xff\xff\x7f\xff\xff\x00\xa7\x7d\x00\xa7\x7d\xff\x75\xfc\x00\x00\x00\x00\x00\x00\x00\xa7\x7e\x00\xa7\x87\x7f\xff\xff\x7f\xff\xff" +
	"\x7f\xff\xff\x00\xa7\x8b\x00\xa7\x8c\x7f\xff\xff\x7f\xff\xff\x7f\xff\xff\x00\xa7\x8d\x00\xa7\x8d\xff\x5a\xd8\x00\x00\x00\x00\x00\x00\x00\xa7\x90\x00\xa7\x93\x7f\xff\xff\x7f\xff\xff\x7f\xff\xff" +
	"\x00\xa7\x94\x00\xa7\x94\x00\x00\x00\x00\x00\x30\x00\x00\x30\x00\xa7\x96\x00\xa7\xa9\x7f\xff\xff\x7f\xff\xff\x7f\xff\xff\x00\xa7\xaa\x00\xa7\xaa\xff\x5a\xbc\x00\x00\x00\x00\x00\x00\x00\xa7\xab" +
	"\x00\xa7\xab\xff\x5a\xb1\x00\x00\x00\x00\x00\x00\x00\xa7\xac\x00\xa7\xac\xff\x5a\xb5\x00\x00\x00\x00\x00\x00\x00\xa7\xad\x00\xa7\xad\xff\x5a\xbf\x00\x00\x00\x00\x00\x00\x00\xa7\xae\x00\xa7\xae" +
	"\xff\x5a\xbc\x00\x00\x00\x00\x00\x00\x00\xa7\xb0\x00\xa7\xb0\xff\x5a\xee\x00\x00\x00\x00\x00\x00\x00\xa7\xb1\x00\xa7\xb1\xff\x5a\xd6\x00\x00\x00\x00\x00\x00\x00\xa7\xb2\x00\xa7\xb2\xff\x5a\xeb" +
	"\x00\x00\x00\x00\x00\x00\x00\xa7\xb3\x00\xa7\xb3\x00\x03\xa0\x00\x00\x00\x00\x00\x00\x00\xa7\xb4\x00\xa7\xc3\x7f\xff\xff\x7f\xff\xff\x7f\xff\xff\x00\xa7\xc4\x00\xa7\xc4\xff\xff\xd0\x00\x00\x00" +
	"\x00\x00\x00\x00\xa7\xc5\x00\xa7\xc5\xff\x5a\xbd\x00\x00\x00\x00\x00\x00\x00\xa7\xc6\x00\xa7\xc6\xff\x75\xc8\x00\x00\x00\x00\x00\x00\x00\xa7\xc7\x00\xa7\xca\x7f\xff\xff\x7f\xff\xff\x7f\xff\xff" +
	"\x00\xa7\xcb\x00\xa7\xcb\xff\x5a\x99\x00\x00\x00\x00\x00\x00\x00\xa7\xcc\x00\xa7\xdb\x7f\xff\xff\x7f\xff\xff\x7f\xff\xff\x00\xa7\xdc\x00\xa7\xdc\xff\x59\xbf\x00\x00\x00\x00\x00\x00\x00\xa7\xf5" +
	"\x00\xa7\xf6\x7f\xff\xff\x7f\xff\xff\x7f\xff\xff\x00\xab\x53\x00\xab\x53\x00\x00\x00\xff\xfc\x60\xff\xfc\x60\x00\xab\x70\x00\xab\xbf\x00\x00\x00\xff\x68\x30\xff\x68\x30\x00\xff\x21\x00\xff\x3a" +
	"\x00\x00\x20\x00\x00\x00\x00\x00\x00\x00\xff\x41\x00\xff\x5a\x00\x00\x00\xff\xff\xe0\xff\xff\xe0\x01\x04\x00\x01\x04\x27\x00\x00\x28\x00\x00\x00\x00\x00\x00\x01\x04\x28\x01\x04\x4f\x00\x00\x00" +
	"\xff\xff\xd8\xff\xff\xd8\x01\x04\xb0\x01\x04\xd3\x00\x00\x28\x00\x00\x00\x00\x00\x00\x01\x04\xd8\x01\x04\xfb\x00\x00\x00\xff\xff\xd8\xff\xff\xd8\x01\x05\x70\x01\x05\x7a\x00\x00\x27\x00\x00\x00" +
	"\x00\x00\x00\x01\x05\x7c\x01\x05\x8a\x00\x00\x27\x00\x00\x00\x00\x00\x00\x01\x05\x8c\x01\x05\x92\x00\x00\x27\x00\x00\x00\x00\x00\x00\x01\x05\x94\x01\x05\x95\x00\x00\x27\x00\x00\x00\x00\x00\x00" +
	"\x01\x05\x97\x01\x05\xa1\x00\x00\x00\xff\xff\xd9\xff\xff\xd9\x01\x05\xa3\x01\x05\xb1\x00\x00\x00\xff\xff\xd9\xff\xff\xd9\x01\x05\xb3\x01\x05\xb9\x00\x00\x00\xff\xff\xd9\xff\xff\xd9\x01\x05\xbb" +
	"\x01\x05\xbc\x00\x00\x00\xff\xff\xd9\xff\xff\xd9\x01\x0c\x80\x01\x0c\xb2\x00\x00\x40\x00\x00\x00\x00\x00\x00\x01\x0c\xc0\x01\x0c\xf2\x00\x00\x00\xff\xff\xc0\xff\xff\xc0\x01\x0d\x50\x01\x0d\x65" +
	"\x00\x00\x20\x00\x00\x00\x00\x00\x00\x01\x0d\x70\x01\x0d\x85\x00\x00\x00\xff\xff\xe0\xff\xff\xe0\x01\x18\xa0\x01\x18\xbf\x00\x00\x20\x00\x00\x00\x00\x00\x00\x01\x18\xc0\x01\x18\xdf\x00\x00\x00" +
	"\xff\xff\xe0\xff\xff\xe0\x01\x6e\x40\x01\x6e\x5f\x00\x00\x20\x00\x00\x00\x00\x00\x00\x01\x6e\x60\x01\x6e\x7f\x00\x00\x00\xff\xff\xe0\xff\xff\xe0\x01\x6e\xa0\x01\x6e\xb8\x00\x00\x1b\x00\x00\x00" +
	"\x00\x00\x00\x01\x6e\xbb\x01\x6e\xd3\x00\x00\x00\xff\xff\xe5\xff\xff\xe5\x01\xe9\x00\x01\xe9\x21\x00\x00\x22\x00\x00\x00\x00\x00\x00\x01\xe9\x22\x01\xe9\x43\x00\x00\x00\xff\xff\xde\xff\xff\xde" +
	""

const foldTable = "" +
	"\x00\x00\x6b\x00\x21\x2a\x00\x00\x73\x00\x01\x7f\x00\x00\xdf\x00\x1e\x9e\x00\x00\xe5\x00\x21\x2b\x00\x01\x30\x00\x01\x30\x00\x01\x31\x00\x01\x31\x00\x01\xc4\x00\x01\xc5\x00\x01\xc7\x00\x01\xc8" +
	"\x00\x01\xca\x00\x01\xcb\x00\x01\xf1\x00\x01\xf2\x00\x03\x90\x00\x1f\xd3\x00\x03\xa3\x00\x03\xc2\x00\x03\xb0\x00\x1f\xe3\x00\x03\xb2\x00\x03\xd0\x00\x03\xb5\x00\x03\xf5\x00\x03\xb8\x00\x03\xd1" +
	"\x00\x03\xb9\x00\x1f\xbe\x00\x03\xba\x00\x03\xf0\x00\x03\xbc\x00\x00\xb5\x00\x03\xc0\x00\x03\xd6\x00\x03\xc1\x00\x03\xf1\x00\x03\xc2\x00\x03\xc3\x00\x03\xc6\x00\x03\xd5\x00\x03\xc9\x00\x21\x26" +
	"\x00\x03\xd1\x00\x03\xf4\x00\x03\xf4\x00\x03\x98\x00\x04\x32\x00\x1c\x80\x00\x04\x34\x00\x1c\x81\x00\x04\x3e\x00\x1c\x82\x00\x04\x41\x00\x1c\x83\x00\x04\x42\x00\x1c\x84\x00\x04\x4a\x00\x1c\x86" +
	"\x00\x04\x63\x00\x1c\x87\x00\x1c\x84\x00\x1c\x85\x00\x1e\x61\x00\x1e\x9b\x00\x1f\xbe\x00\x03\x45\x00\x1f\xd3\x00\x03\x90\x00\x1f\xe3\x00\x03\xb0\x00\x21\x26\x00\x03\xa9\x00\x21\x2a\x00\x00\x4b" +
	"\x00\x21\x2b\x00\x00\xc5\x00\xa6\x4b\x00\x1c\x88\x00\xfb\x05\x00\xfb\x06\x00\xfb\x06\x00\xfb\x05" +
	""
